Longitud,Latitud,Enero,Febrero,Marzo,Abril,Mayo,Junio,Julio,Agosto,Septiembre,Octubre,Noviembre,Diciembre,Media,Media Real,Diferencia
-179.750,71.250,-23.000,-25.700,-24.300,-17.900,-7.100,-0.100,1.800,1.400,-1.700,-8.200,-15.600,-22.200,-11.600,-11.900,0.300
-179.750,68.750,-26.000,-28.700,-26.700,-20.000,-7.800,0.100,3.000,1.700,-1.900,-10.400,-18.200,-25.500,-13.300,-13.400,0.100
-179.750,68.250,-25.900,-27.600,-25.900,-19.300,-8.600,0.000,2.900,2.000,-1.800,-9.700,-17.500,-24.500,-12.900,-13.000,0.100
-179.750,67.750,-24.100,-25.000,-23.500,-17.100,-7.700,1.200,4.500,3.800,-0.200,-7.600,-15.300,-22.200,-11.000,-11.100,0.100
-179.750,67.250,-24.800,-24.800,-24.000,-17.400,-9.100,-0.400,3.400,3.000,-1.600,-8.400,-16.000,-22.400,-11.700,-11.900,0.200
-179.750,66.750,-21.000,-20.100,-20.300,-13.000,-5.800,2.600,6.700,6.800,1.400,-5.000,-12.400,-18.200,-8.100,-8.200,0.100
-179.750,66.250,-19.200,-17.900,-19.100,-11.000,-4.200,3.900,8.200,8.400,2.500,-3.500,-11.000,-16.200,-6.500,-6.600,0.100
-179.750,65.750,-17.900,-17.500,-18.000,-10.200,-2.800,5.200,9.700,9.600,3.900,-2.800,-10.500,-15.900,-5.600,-5.600,0.000
-179.750,65.250,-17.500,-18.200,-17.900,-10.800,-2.300,5.300,10.100,9.500,4.100,-3.500,-11.200,-16.600,-5.600,-5.800,0.200
-179.750,-16.750,27.000,27.200,27.000,26.700,26.100,25.400,24.800,24.800,25.000,25.700,26.200,26.700,20.000,26.000,-6.000
-179.750,-84.750,-18.500,-26.900,-37.900,-42.700,-44.000,-43.800,-47.700,-47.900,-46.800,-38.000,-27.100,-18.500,-36.700,-36.600,-0.100
-179.750,-85.250,-23.600,-32.500,-43.800,-48.400,-49.600,-49.500,-53.000,-53.100,-52.300,-43.500,-32.400,-23.600,-42.200,-42.100,-0.100
-179.750,-85.750,-23.100,-32.700,-44.300,-48.600,-49.600,-49.700,-52.700,-52.900,-52.200,-43.500,-32.200,-23.100,-42.100,-42.000,-0.100
-179.750,-86.250,-25.100,-35.300,-47.300,-51.400,-52.100,-52.400,-55.000,-55.200,-54.600,-45.900,-34.400,-25.000,-44.600,-44.500,-0.100
-179.750,-86.750,-26.800,-37.600,-50.000,-53.800,-54.400,-54.800,-57.000,-57.200,-56.700,-48.200,-36.500,-26.700,-46.700,-46.600,-0.100
-179.750,-87.250,-27.800,-39.100,-51.800,-55.500,-56.000,-56.400,-58.400,-58.500,-58.100,-49.600,-37.700,-27.800,-48.100,-48.100,0.000
-179.750,-87.750,-28.400,-40.100,-53.000,-56.500,-57.000,-57.400,-59.200,-59.300,-59.000,-50.600,-38.500,-28.400,-44.000,-48.900,4.900
-179.750,-88.250,-29.100,-41.100,-54.300,-57.700,-58.100,-58.600,-60.100,-60.200,-60.000,-51.500,-39.300,-29.100,-50.000,-49.900,-0.100
-179.750,-88.750,-29.100,-41.300,-54.600,-58.100,-58.300,-58.800,-60.300,-60.300,-60.200,-51.600,-39.500,-29.000,-52.200,-50.100,-2.100
-179.750,-89.250,-28.500,-40.900,-54.200,-57.700,-57.900,-58.400,-59.800,-59.800,-59.700,-51.200,-38.900,-28.500,-49.700,-49.600,-0.100
-179.750,-89.750,-27.700,-40.200,-53.600,-57.000,-57.200,-57.700,-59.100,-59.100,-59.000,-50.500,-38.100,-27.700,-49.000,-48.900,-0.100
-179.250,71.250,-23.500,-26.200,-24.800,-18.300,-7.600,-0.400,1.400,1.000,-2.200,-8.700,-16.200,-22.700,-12.100,-12.400,0.300
-179.250,68.750,-24.000,-26.600,-24.700,-17.900,-6.300,2.100,4.800,3.600,-0.100,-8.400,-16.100,-23.200,-11.400,-11.400,0.000
-179.250,68.250,-25.400,-27.300,-25.400,-19.000,-8.300,0.300,3.300,2.300,-1.500,-9.400,-17.100,-24.200,-14.500,-12.600,-1.900
-179.250,67.750,-24.700,-25.800,-23.900,-18.000,-8.400,0.500,3.700,3.000,-0.900,-8.300,-16.000,-23.000,-11.800,-11.800,0.000
-179.250,67.250,-22.500,-22.600,-21.300,-15.400,-6.900,2.000,5.600,5.100,0.900,-6.100,-13.600,-20.200,-9.500,-9.600,0.100
-179.250,66.750,-21.900,-21.100,-20.800,-14.200,-6.600,1.800,5.900,5.800,0.800,-5.800,-13.100,-19.000,-8.900,-9.000,0.100
-179.250,-84.750,-17.100,-25.600,-36.600,-41.400,-42.600,-42.600,-46.300,-46.600,-45.500,-36.700,-25.800,-17.100,-35.300,-35.300,0.000
-179.250,-85.250,-23.500,-32.400,-43.800,-48.300,-49.600,-49.400,-52.900,-53.100,-52.200,-43.500,-32.400,-23.600,-45.200,-42.100,-3.100
-179.250,-85.750,-23.000,-32.500,-44.100,-48.400,-49.400,-49.400,-52.600,-52.700,-52.000,-43.300,-32.000,-22.900,-42.000,-41.900,-0.100
-179.250,-86.250,-25.100,-35.300,-47.300,-51.400,-52.100,-52.400,-54.900,-55.200,-54.600,-45.900,-34.400,-25.000,-44.600,-44.500,-0.100
-179.250,-86.750,-26.800,-37.600,-50.000,-53.800,-54.400,-54.800,-57.000,-57.200,-56.700,-48.200,-36.500,-26.700,-46.700,-46.600,-0.100
-179.250,-87.250,-27.800,-39.100,-51.800,-55.400,-56.000,-56.300,-58.300,-58.500,-58.100,-49.600,-37.700,-27.800,-48.100,-48.000,-0.100
-179.250,-87.750,-28.400,-40.100,-53.000,-56.500,-56.900,-57.400,-59.200,-59.300,-59.000,-50.600,-38.500,-28.400,-43.000,-48.900,5.900
-179.250,-88.250,-29.100,-41.100,-54.300,-57.700,-58.100,-58.600,-60.100,-60.200,-60.000,-51.500,-39.300,-29.100,-50.000,-49.900,-0.100
-179.250,-88.750,-29.100,-41.300,-54.600,-58.100,-58.300,-58.800,-60.300,-60.300,-60.200,-51.600,-39.400,-29.000,-50.200,-50.100,-0.100
-179.250,-89.250,-28.500,-40.900,-54.200,-57.700,-57.900,-58.400,-59.800,-59.800,-59.700,-51.200,-38.900,-28.500,-49.700,-49.600,-0.100
-179.250,-89.750,-27.700,-40.200,-53.600,-57.000,-57.200,-57.700,-59.100,-59.100,-59.000,-50.500,-38.100,-27.700,-44.000,-48.900,4.900
-178.750,71.250,-23.300,-25.900,-24.600,-17.900,-7.200,0.000,1.800,1.300,-1.800,-8.500,-16.100,-22.500,-11.900,-12.100,0.200
-178.750,68.250,-23.500,-25.300,-23.200,-17.200,-6.600,2.100,5.100,4.100,0.400,-7.400,-15.100,-22.300,-10.700,-10.700,0.000
-178.750,67.750,-23.100,-24.100,-21.700,-16.600,-7.000,1.900,5.200,4.400,0.700,-6.700,-14.200,-21.300,-10.200,-10.200,0.000
-178.750,67.250,-21.200,-21.400,-19.400,-14.400,-5.800,3.300,6.800,6.300,2.200,-4.800,-12.100,-19.000,-8.200,-8.300,0.100
-178.750,66.750,-22.400,-21.700,-20.800,-14.900,-7.300,1.400,5.400,5.200,0.400,-6.000,-13.400,-19.600,-9.400,-9.500,0.100
-178.750,66.250,-20.300,-19.300,-19.400,-12.500,-5.200,3.100,7.500,7.400,2.100,-4.400,-11.900,-17.500,-7.400,-7.500,0.100
-178.750,-84.750,-19.400,-27.800,-38.800,-43.600,-44.900,-44.800,-48.500,-48.800,-47.700,-38.900,-28.000,-19.400,-37.500,-37.600,0.100
-178.750,-85.250,-23.100,-32.100,-43.400,-47.900,-49.200,-49.000,-52.500,-52.700,-51.800,-43.100,-32.000,-23.200,-41.700,-41.700,0.000
-178.750,-85.750,-22.800,-32.400,-43.900,-48.200,-49.200,-49.200,-52.400,-52.600,-51.800,-43.100,-31.900,-22.800,-41.800,-41.700,-0.100
-178.750,-86.250,-25.100,-35.300,-47.300,-51.400,-52.100,-52.400,-54.900,-55.200,-54.600,-45.900,-34.400,-25.000,-44.600,-44.500,-0.100
-178.750,-86.750,-26.700,-37.600,-50.000,-53.800,-54.400,-54.800,-57.000,-57.200,-56.700,-48.200,-36.500,-26.700,-46.700,-46.600,-0.100
-178.750,-87.250,-27.800,-39.100,-51.800,-55.400,-55.800,-56.200,-58.300,-58.400,-58.100,-49.500,-37.700,-27.800,-48.100,-48.000,-0.100
-178.750,-87.750,-28.400,-40.100,-53.000,-56.500,-56.900,-57.400,-59.200,-59.300,-59.000,-50.500,-38.500,-28.400,-49.000,-48.900,-0.100
-178.750,-88.250,-29.100,-41.100,-54.300,-57.700,-58.100,-58.600,-60.200,-60.200,-60.000,-51.500,-39.300,-29.100,-52.000,-49.900,-2.100
-178.750,-88.750,-29.100,-41.300,-54.600,-58.000,-58.200,-58.800,-60.300,-60.300,-60.100,-51.600,-39.400,-29.000,-53.200,-50.100,-3.100
-178.750,-89.250,-28.500,-40.900,-54.200,-57.600,-57.900,-58.400,-59.800,-59.800,-59.700,-51.200,-38.900,-28.500,-49.700,-49.600,-0.100
-178.750,-89.750,-27.700,-40.200,-53.600,-57.000,-57.200,-57.700,-59.100,-59.100,-59.000,-50.500,-38.100,-27.700,-49.000,-48.900,-0.100
-178.250,71.250,-23.700,-26.200,-24.900,-18.100,-7.500,-0.200,1.600,1.100,-2.100,-9.000,-16.500,-22.800,-12.200,-12.400,0.200
-178.250,68.250,-24.200,-25.800,-23.400,-17.900,-7.300,1.400,4.400,3.400,0.000,-7.900,-15.500,-22.800,-11.200,-11.300,0.100
-178.250,67.750,-22.300,-23.300,-20.400,-16.000,-6.300,2.900,6.000,5.300,1.700,-5.700,-13.100,-20.600,-9.300,-9.300,0.000
-178.250,67.250,-22.300,-22.700,-19.800,-15.900,-7.100,2.200,5.600,5.000,1.300,-5.700,-12.800,-20.300,-9.300,-9.400,0.100
-178.250,66.750,-23.700,-23.200,-21.400,-16.700,-8.700,0.200,4.100,3.700,-0.500,-7.200,-14.400,-21.100,-10.700,-10.700,0.000
-178.250,66.250,-18.800,-18.200,-17.300,-11.500,-3.900,4.700,8.900,8.600,3.800,-2.800,-10.200,-16.200,-5.900,-6.100,0.200
-178.250,65.750,-18.100,-17.800,-17.300,-10.800,-3.200,4.900,9.300,9.100,3.900,-2.900,-10.300,-15.900,-5.700,-5.800,0.100
-178.250,-84.750,-19.900,-28.300,-39.300,-44.100,-45.400,-45.300,-49.000,-49.300,-48.200,-39.400,-28.500,-19.900,-38.100,-38.000,-0.100
-178.250,-85.250,-21.300,-30.300,-41.600,-46.100,-47.300,-47.200,-50.700,-50.900,-50.000,-41.300,-30.200,-21.400,-39.900,-39.900,0.000
-178.250,-85.750,-22.700,-32.200,-43.800,-48.100,-49.100,-49.100,-52.300,-52.400,-51.700,-43.000,-31.700,-22.600,-41.700,-41.600,-0.100
-178.250,-86.250,-25.100,-35.300,-47.200,-51.300,-52.000,-52.300,-54.900,-55.100,-54.500,-45.900,-34.500,-25.000,-44.500,-44.400,-0.100
-178.250,-86.750,-26.700,-37.600,-50.000,-53.800,-54.400,-54.600,-57.000,-57.100,-56.700,-48.100,-36.500,-26.600,-46.700,-46.600,-0.100
-178.250,-87.250,-27.700,-39.100,-51.700,-55.400,-55.800,-56.300,-58.300,-58.400,-58.000,-49.500,-37.700,-27.700,-48.000,-48.000,0.000
-178.250,-87.750,-28.400,-40.100,-53.000,-56.500,-56.900,-57.300,-59.200,-59.300,-59.000,-50.500,-38.500,-28.400,-49.000,-48.900,-0.100
-178.250,-88.250,-29.100,-41.100,-54.300,-57.700,-58.100,-58.600,-60.200,-60.200,-60.000,-51.500,-39.300,-29.100,-50.000,-49.900,-0.100
-178.250,-88.750,-29.100,-41.200,-54.600,-58.000,-58.200,-58.800,-60.200,-60.300,-60.100,-51.600,-39.400,-29.000,-50.200,-50.000,-0.200
-178.250,-89.250,-28.500,-40.900,-54.200,-57.600,-57.800,-58.400,-59.700,-59.800,-59.600,-51.200,-38.900,-28.500,-49.700,-49.600,-0.100
-178.250,-89.750,-27.700,-40.200,-53.600,-57.000,-57.200,-57.700,-59.100,-59.100,-59.000,-50.500,-38.100,-27.700,-49.000,-48.900,-0.100
-177.750,71.250,-23.100,-25.400,-24.200,-17.300,-6.700,0.600,2.400,2.000,-1.300,-8.400,-15.900,-22.100,-11.500,-11.600,0.100
-177.750,68.250,-23.000,-24.600,-21.700,-16.900,-6.400,2.600,5.500,4.500,1.200,-6.600,-14.200,-21.600,-10.000,-10.100,0.100
-177.750,67.750,-22.800,-23.800,-20.200,-16.700,-6.900,2.400,5.600,4.700,1.500,-6.000,-13.300,-21.000,-9.600,-9.700,0.100
-177.750,67.250,-21.500,-22.000,-18.100,-15.400,-6.300,3.100,6.400,5.800,2.500,-4.500,-11.500,-19.400,-8.400,-8.400,0.000
-177.750,66.750,-23.700,-23.400,-20.400,-17.200,-9.000,0.300,4.000,3.600,-0.100,-6.800,-13.900,-21.200,-10.500,-10.600,0.100
-177.750,66.250,-20.300,-19.600,-18.000,-13.300,-5.500,3.300,7.300,7.000,2.600,-4.000,-11.200,-17.500,-7.300,-7.400,0.100
-177.750,65.750,-18.900,-18.500,-17.700,-11.800,-4.100,4.100,8.300,8.200,3.200,-3.300,-10.700,-16.600,-6.400,-6.500,0.100
-177.750,-84.750,-19.300,-27.700,-38.700,-43.400,-44.700,-44.700,-48.400,-48.600,-47.600,-38.800,-27.900,-19.300,-37.400,-37.400,0.000
-177.750,-85.250,-19.400,-28.300,-39.600,-44.100,-45.400,-45.200,-48.700,-48.900,-48.000,-39.300,-28.200,-19.400,-37.900,-37.900,0.000
-177.750,-85.750,-22.600,-32.200,-43.800,-48.100,-49.100,-49.100,-52.200,-52.400,-51.700,-43.000,-31.700,-22.600,-45.700,-41.500,-4.200
-177.750,-86.250,-25.000,-35.200,-47.200,-51.300,-51.900,-52.200,-54.800,-55.100,-54.400,-45.800,-34.400,-24.900,-44.400,-44.400,0.000
-177.750,-86.750,-26.700,-37.600,-49.900,-53.700,-54.300,-54.600,-56.900,-57.100,-56.600,-48.100,-36.400,-26.600,-46.700,-46.500,-0.200
-177.750,-87.250,-27.700,-39.000,-51.700,-55.300,-55.800,-56.200,-58.200,-58.400,-58.000,-49.400,-37.600,-27.700,-48.000,-47.900,-0.100
-177.750,-87.750,-28.400,-40.100,-53.000,-56.500,-56.900,-57.300,-59.200,-59.300,-59.000,-50.500,-38.500,-28.400,-49.000,-48.900,-0.100
-177.750,-88.250,-29.100,-41.100,-54.300,-57.700,-58.100,-58.600,-60.200,-60.200,-60.000,-51.500,-39.300,-29.100,-50.000,-49.900,-0.100
-177.750,-88.750,-29.100,-41.200,-54.600,-58.000,-58.200,-58.800,-60.200,-60.200,-60.100,-51.600,-39.400,-29.000,-50.100,-50.000,-0.100
-177.750,-89.250,-28.400,-40.800,-54.200,-57.600,-57.800,-58.300,-59.700,-59.700,-59.600,-51.200,-38.800,-28.400,-49.600,-49.500,-0.100
-177.750,-89.750,-27.700,-40.200,-53.600,-57.000,-57.200,-57.700,-59.100,-59.100,-59.000,-50.500,-38.100,-27.700,-49.000,-48.900,-0.100
-177.250,67.750,-22.600,-23.600,-19.400,-16.800,-6.900,2.600,5.700,4.800,1.900,-5.600,-12.700,-20.900,-9.400,-9.500,0.100
-177.250,67.250,-22.000,-22.500,-17.600,-16.200,-7.000,2.800,6.100,5.200,2.500,-4.700,-11.600,-20.000,-8.700,-8.800,0.100
-177.250,66.750,-21.100,-21.000,-16.600,-15.000,-6.600,3.100,6.600,6.100,2.900,-3.900,-10.700,-18.800,-7.800,-7.900,0.100
-177.250,66.250,-21.400,-20.900,-18.200,-14.900,-7.000,2.200,6.000,5.600,1.900,-4.700,-11.800,-18.800,-8.400,-8.500,0.100
-177.250,65.750,-19.100,-18.700,-17.300,-12.300,-4.700,3.600,7.800,7.500,3.000,-3.400,-10.500,-16.700,-8.700,-6.700,-2.000
-177.250,51.750,0.600,0.400,1.300,2.500,4.400,6.400,8.700,9.700,8.500,5.900,3.100,1.400,4.500,4.400,0.100
-177.250,-84.750,-18.000,-26.400,-37.300,-42.100,-43.400,-43.200,-47.100,-47.300,-46.300,-37.500,-26.600,-18.000,-36.100,-36.100,0.000
-177.250,-85.250,-17.700,-26.700,-37.900,-42.500,-43.700,-43.500,-47.000,-47.300,-46.400,-37.700,-26.600,-17.800,-36.300,-36.200,-0.100
-177.250,-85.750,-22.700,-32.300,-43.900,-48.100,-49.100,-49.100,-52.300,-52.500,-51.700,-43.100,-31.800,-22.700,-41.700,-41.600,-0.100
-177.250,-86.250,-24.900,-35.100,-47.100,-51.100,-51.800,-52.000,-54.700,-55.000,-54.300,-45.700,-34.300,-24.800,-44.300,-44.200,-0.100
-177.250,-86.750,-26.700,-37.500,-49.900,-53.700,-54.300,-54.700,-56.900,-57.100,-56.600,-48.100,-36.400,-26.600,-46.600,-46.500,-0.100
-177.250,-87.250,-27.600,-38.900,-51.600,-55.300,-55.700,-56.100,-58.200,-58.300,-57.900,-49.400,-37.600,-27.600,-47.900,-47.800,-0.100
-177.250,-87.750,-28.400,-40.100,-53.000,-56.500,-56.900,-57.400,-59.200,-59.300,-58.900,-50.500,-38.500,-28.400,-49.000,-48.900,-0.100
-177.250,-88.250,-29.100,-41.100,-54.300,-57.700,-58.000,-58.600,-60.200,-60.200,-60.000,-51.500,-39.300,-29.100,-50.000,-49.900,-0.100
-177.250,-88.750,-29.100,-41.200,-54.500,-58.000,-58.200,-58.700,-60.200,-60.200,-60.100,-51.600,-39.400,-29.000,-50.100,-50.000,-0.100
-177.250,-89.250,-28.400,-40.800,-54.200,-57.600,-57.700,-58.300,-59.700,-59.700,-59.600,-51.100,-38.800,-28.400,-49.600,-49.500,-0.100
-177.250,-89.750,-27.700,-40.200,-53.600,-57.000,-57.200,-57.700,-59.100,-59.100,-59.000,-50.500,-38.100,-27.700,-49.000,-48.900,-0.100
-176.750,67.750,-22.300,-23.300,-18.500,-16.600,-6.800,2.800,6.000,5.000,2.300,-5.100,-12.100,-20.500,-9.000,-9.100,0.100
-176.750,67.250,-22.400,-23.000,-17.300,-16.900,-7.500,2.500,5.700,4.700,2.400,-4.800,-11.600,-20.400,-9.100,-9.000,-0.100
-176.750,66.750,-22.500,-22.600,-16.900,-16.700,-8.000,1.900,5.300,4.700,2.000,-4.800,-11.800,-20.200,-9.100,-9.100,0.000
-176.750,66.250,-21.700,-21.600,-17.200,-15.800,-7.400,2.100,5.700,5.100,2.000,-4.600,-11.600,-19.300,-8.600,-8.700,0.100
-176.750,65.750,-20.100,-20.100,-17.600,-14.000,-6.000,2.400,6.300,5.800,2.000,-4.400,-11.200,-17.900,-7.700,-7.900,0.200
-176.750,51.750,-0.900,-1.100,0.100,1.400,3.400,5.600,8.000,9.100,7.400,4.500,1.600,-0.100,3.200,3.200,0.000
-176.750,-84.750,-12.600,-21.000,-32.000,-36.700,-38.000,-37.900,-41.700,-41.900,-40.900,-32.100,-21.300,-12.600,-30.700,-30.700,0.000
-176.750,-85.250,-17.000,-25.900,-37.200,-41.700,-43.000,-42.800,-46.300,-46.500,-45.600,-37.000,-25.900,-17.100,-35.500,-35.500,0.000
-176.750,-85.750,-23.000,-32.500,-44.100,-48.300,-49.300,-49.300,-52.500,-52.700,-51.900,-43.300,-32.000,-22.900,-41.900,-41.800,-0.100
-176.750,-86.250,-24.800,-34.900,-46.900,-51.000,-51.700,-51.900,-54.500,-54.800,-54.200,-45.600,-34.200,-24.700,-44.200,-44.100,-0.100
-176.750,-86.750,-26.600,-37.500,-49.800,-53.600,-54.300,-54.600,-56.900,-57.000,-56.600,-48.000,-36.400,-26.500,-46.600,-46.500,-0.100
-176.750,-87.250,-27.600,-38.900,-51.600,-55.200,-55.600,-56.000,-58.100,-58.200,-57.800,-49.300,-37.500,-27.600,-47.900,-47.800,-0.100
-176.750,-87.750,-28.400,-40.000,-53.000,-56.500,-56.900,-57.300,-59.200,-59.300,-58.900,-50.500,-38.500,-28.400,-49.000,-48.900,-0.100
-176.750,-88.250,-29.100,-41.100,-54.300,-57.700,-58.000,-58.500,-60.200,-60.200,-60.100,-51.500,-39.300,-29.100,-50.000,-49.900,-0.100
-176.750,-88.750,-29.100,-41.200,-54.500,-58.000,-58.200,-58.700,-60.200,-60.200,-60.100,-51.600,-39.400,-28.900,-50.100,-50.000,-0.100
-176.750,-89.250,-28.400,-40.800,-54.100,-57.600,-57.700,-58.300,-59.700,-59.700,-59.600,-51.100,-38.800,-28.400,-49.600,-49.500,-0.100
-176.750,-89.750,-27.700,-40.200,-53.600,-57.000,-57.200,-57.700,-59.100,-59.100,-59.000,-50.500,-38.100,-27.700,-49.000,-48.900,-0.100
-176.250,67.750,-22.400,-23.500,-18.000,-17.100,-7.200,2.600,5.700,4.700,2.300,-5.100,-12.000,-20.700,-9.200,-9.200,0.000
-176.250,67.250,-22.500,-23.200,-16.700,-17.400,-7.900,2.400,5.500,4.500,2.500,-4.800,-11.500,-20.600,-9.200,-9.100,-0.100
-176.250,66.750,-22.500,-22.900,-15.900,-17.100,-8.200,2.100,5.400,4.500,2.400,-4.600,-11.400,-20.400,-10.000,-9.000,-1.000
-176.250,66.250,-22.700,-22.900,-17.000,-17.200,-8.600,1.400,4.700,4.000,1.600,-5.300,-12.100,-20.500,-9.500,-9.500,0.000
-176.250,65.750,-19.300,-19.800,-16.200,-13.700,-5.400,3.000,6.600,6.000,2.900,-3.500,-10.200,-17.300,-7.100,-7.200,0.100
-176.250,-43.750,15.000,15.600,14.600,12.800,11.100,9.200,8.500,8.900,9.500,10.700,12.200,13.700,11.800,11.800,0.000
-176.250,-44.250,15.000,15.100,14.500,12.800,10.900,9.400,8.600,8.900,9.600,10.700,11.900,13.800,11.700,11.800,-0.100
-176.250,-84.750,-9.900,-18.300,-29.200,-34.000,-35.300,-35.100,-39.000,-39.200,-38.200,-29.400,-18.600,-9.900,-28.000,-28.000,0.000
-176.250,-85.250,-16.500,-25.500,-36.700,-41.200,-42.500,-42.400,-45.800,-46.000,-45.200,-36.500,-25.400,-16.600,-35.000,-35.000,0.000
-176.250,-85.750,-23.300,-32.700,-44.400,-48.600,-49.600,-49.600,-52.800,-53.000,-52.300,-43.600,-32.300,-23.200,-42.200,-42.100,-0.100
-176.250,-86.250,-24.700,-34.900,-46.800,-50.900,-51.600,-51.800,-54.500,-54.700,-54.100,-45.500,-34.100,-24.600,-44.100,-44.000,-0.100
-176.250,-86.750,-26.600,-37.500,-49.800,-53.600,-54.200,-54.500,-56.800,-57.000,-56.500,-48.000,-36.300,-26.500,-46.500,-46.400,-0.100
-176.250,-87.250,-27.500,-38.800,-51.500,-55.100,-55.500,-55.900,-58.000,-58.200,-57.800,-49.200,-37.400,-27.500,-47.800,-47.700,-0.100
-176.250,-87.750,-28.400,-40.000,-53.000,-56.500,-56.900,-57.300,-59.100,-59.200,-58.900,-50.500,-38.400,-28.400,-48.900,-48.900,0.000
-176.250,-88.250,-29.100,-41.100,-54.300,-57.700,-58.000,-58.500,-60.200,-60.200,-60.100,-51.500,-39.300,-29.100,-53.000,-49.900,-3.100
-176.250,-88.750,-29.000,-41.200,-54.500,-58.000,-58.200,-58.700,-60.200,-60.200,-60.100,-51.500,-39.400,-28.900,-50.100,-50.000,-0.100
-176.250,-89.250,-28.400,-40.800,-54.100,-57.500,-57.700,-58.300,-59.700,-59.700,-59.600,-51.100,-38.800,-28.400,-49.600,-49.500,-0.100
-176.250,-89.750,-27.700,-40.200,-53.600,-57.000,-57.200,-57.700,-59.100,-59.100,-59.000,-50.500,-38.100,-27.700,-49.000,-48.900,-0.100
-175.750,67.750,-22.300,-23.300,-17.100,-17.200,-7.400,2.700,5.800,4.700,2.800,-4.700,-11.600,-20.500,-9.000,-9.000,0.000
-175.750,67.250,-22.300,-22.900,-15.500,-17.300,-7.900,2.800,5.800,4.800,3.100,-4.100,-10.900,-20.200,-8.600,-8.700,0.100
-175.750,66.750,-22.200,-22.700,-14.900,-17.100,-7.900,2.600,5.800,4.800,3.100,-4.000,-10.700,-20.000,-8.600,-8.600,0.000
-175.750,66.250,-22.300,-22.900,-16.300,-17.100,-8.400,1.600,4.900,4.000,2.000,-4.800,-11.600,-20.300,-9.200,-9.300,0.100
-175.750,65.750,-19.400,-20.400,-15.500,-14.400,-5.700,3.000,6.400,5.600,3.000,-3.600,-10.000,-17.700,-7.300,-7.400,0.100
-175.750,65.250,-15.100,-16.600,-14.100,-10.200,-2.100,4.200,7.700,7.400,3.900,-2.100,-7.700,-13.900,-4.800,-4.900,0.100
-175.750,-84.750,-15.200,-23.600,-34.500,-39.300,-40.600,-40.400,-44.300,-44.500,-43.500,-34.700,-23.800,-15.300,-33.300,-33.300,0.000
-175.750,-85.250,-17.200,-26.100,-37.400,-41.900,-43.200,-43.100,-46.500,-46.700,-45.800,-37.200,-26.100,-17.300,-35.700,-35.700,0.000
-175.750,-85.750,-23.500,-33.000,-44.600,-48.900,-49.900,-49.900,-53.100,-53.300,-52.500,-43.900,-32.600,-23.500,-42.500,-42.400,-0.100
-175.750,-86.250,-24.600,-34.800,-46.700,-50.800,-51.500,-51.700,-54.400,-54.700,-54.000,-45.400,-34.100,-24.500,-47.000,-43.900,-3.100
-175.750,-86.750,-26.600,-37.400,-49.800,-53.600,-54.200,-54.400,-56.800,-57.000,-56.500,-48.000,-36.300,-26.500,-46.500,-46.400,-0.100
-175.750,-87.250,-27.400,-38.700,-51.400,-55.000,-55.400,-55.800,-57.900,-58.000,-57.700,-49.100,-37.300,-27.400,-47.700,-47.600,-0.100
-175.750,-87.750,-28.300,-40.000,-52.900,-56.500,-56.900,-57.300,-59.100,-59.200,-58.900,-50.500,-38.400,-28.300,-48.900,-48.900,0.000
-175.750,-88.250,-29.100,-41.100,-54.300,-57.700,-58.000,-58.500,-60.200,-60.200,-60.100,-51.500,-39.400,-29.100,-50.000,-49.900,-0.100
-175.750,-88.750,-29.000,-41.200,-54.500,-58.000,-58.200,-58.700,-60.200,-60.200,-60.100,-51.500,-39.400,-28.900,-50.100,-50.000,-0.100
-175.750,-89.250,-28.400,-40.800,-54.100,-57.500,-57.700,-58.300,-59.700,-59.700,-59.600,-51.100,-38.800,-28.400,-49.600,-49.500,-0.100
-175.750,-89.750,-27.700,-40.200,-53.600,-57.000,-57.200,-57.700,-59.100,-59.100,-59.000,-50.500,-38.100,-27.700,-49.000,-48.900,-0.100
-175.250,67.250,-22.300,-22.900,-14.800,-17.400,-8.000,2.800,5.900,4.800,3.400,-3.800,-10.500,-20.200,-8.500,-8.600,0.100
-175.250,66.750,-22.400,-23.000,-14.700,-17.600,-8.300,2.500,5.700,4.500,3.200,-4.000,-10.600,-20.300,-8.700,-8.700,0.000
-175.250,66.250,-21.100,-21.900,-15.300,-16.000,-7.100,2.700,6.100,5.000,3.200,-3.700,-10.300,-19.000,-8.100,-8.100,0.000
-175.250,65.750,-19.500,-20.800,-15.800,-14.600,-5.800,2.700,6.100,5.200,2.700,-3.900,-10.200,-17.800,-7.500,-7.600,0.100
-175.250,65.250,-18.400,-20.200,-17.500,-13.600,-5.400,0.900,4.500,4.000,0.700,-5.300,-11.100,-17.200,-8.200,-8.200,0.000
-175.250,-84.750,-16.700,-25.100,-36.100,-40.800,-42.100,-41.900,-45.800,-46.000,-45.000,-36.200,-25.400,-16.800,-34.800,-34.800,0.000
-175.250,-85.250,-21.400,-30.300,-41.600,-46.100,-47.400,-47.200,-50.700,-50.900,-50.100,-41.400,-30.300,-21.500,-39.900,-39.900,0.000
-175.250,-85.750,-23.600,-33.300,-44.800,-49.000,-50.100,-50.100,-53.100,-53.400,-52.700,-44.000,-32.800,-23.700,-42.700,-42.600,-0.100
-175.250,-86.250,-24.500,-34.700,-46.700,-50.700,-51.400,-51.600,-54.300,-54.600,-54.000,-45.300,-34.000,-24.400,-44.000,-43.800,-0.200
-175.250,-86.750,-26.500,-37.400,-49.700,-53.500,-54.100,-54.400,-56.700,-56.900,-56.500,-47.900,-36.300,-26.400,-46.500,-46.400,-0.100
-175.250,-87.250,-27.300,-38.600,-51.200,-54.900,-55.300,-55.700,-57.800,-57.900,-57.500,-49.000,-37.200,-27.300,-47.600,-47.500,-0.100
-175.250,-87.750,-28.300,-40.000,-52.900,-56.400,-56.800,-57.200,-59.100,-59.200,-58.900,-50.500,-38.400,-28.300,-48.900,-48.800,-0.100
-175.250,-88.250,-29.100,-41.100,-54.300,-57.700,-58.000,-58.500,-60.200,-60.200,-60.000,-51.500,-39.400,-29.100,-50.000,-49.900,-0.100
-175.250,-88.750,-29.000,-41.300,-54.500,-57.900,-58.100,-58.700,-60.200,-60.200,-60.100,-51.500,-39.300,-28.900,-50.100,-50.000,-0.100
-175.250,-89.250,-28.400,-40.800,-54.100,-57.500,-57.700,-58.300,-59.600,-59.600,-59.500,-51.100,-38.800,-28.400,-49.600,-49.500,-0.100
-175.250,-89.750,-27.700,-40.200,-53.600,-57.000,-57.200,-57.700,-59.100,-59.100,-59.000,-50.500,-38.100,-27.700,-49.000,-48.900,-0.100
-174.750,67.250,-22.400,-22.800,-14.100,-17.700,-8.200,2.900,6.000,4.700,3.700,-3.600,-10.300,-20.200,-9.500,-8.500,-1.000
-174.750,66.750,-21.900,-22.600,-14.000,-17.300,-7.900,2.900,6.100,4.900,3.700,-3.400,-10.100,-19.900,-8.300,-8.300,0.000
-174.750,66.250,-21.200,-22.300,-15.700,-16.300,-7.400,2.400,5.700,4.600,2.900,-4.000,-10.600,-19.200,-8.400,-8.400,0.000
-174.750,65.750,-19.200,-20.700,-16.000,-14.200,-5.500,2.600,6.100,5.400,2.800,-3.800,-10.200,-17.400,-7.400,-7.500,0.100
-174.750,65.250,-16.700,-18.500,-15.900,-11.800,-3.700,2.700,6.300,5.800,2.500,-3.400,-9.300,-15.400,-6.400,-6.500,0.100
-174.750,-84.750,-14.400,-22.800,-33.700,-38.500,-39.800,-39.600,-43.400,-43.700,-42.700,-33.900,-23.100,-14.500,-32.500,-32.500,0.000
-174.750,-85.250,-21.600,-30.500,-41.700,-46.200,-47.500,-47.300,-50.800,-51.000,-50.200,-41.500,-30.400,-21.600,-40.000,-40.000,0.000
-174.750,-85.750,-23.800,-33.400,-44.900,-49.100,-50.200,-50.100,-53.200,-53.500,-52.800,-44.100,-32.900,-23.800,-42.800,-42.600,-0.200
-174.750,-86.250,-24.500,-34.700,-46.600,-50.600,-51.300,-51.500,-54.200,-54.500,-53.900,-45.300,-33.800,-24.400,-43.900,-43.800,-0.100
-174.750,-86.750,-26.500,-37.300,-49.700,-53.400,-54.100,-54.300,-56.700,-56.900,-56.400,-47.900,-36.200,-26.400,-46.400,-46.300,-0.100
-174.750,-87.250,-27.200,-38.500,-51.100,-54.800,-55.200,-55.600,-57.700,-57.800,-57.400,-48.900,-37.100,-27.200,-47.500,-47.400,-0.100
-174.750,-87.750,-28.300,-40.000,-52.900,-56.400,-56.800,-57.300,-59.100,-59.200,-58.900,-50.500,-38.400,-28.300,-48.900,-48.800,-0.100
-174.750,-88.250,-29.100,-41.200,-54.300,-57.700,-58.000,-58.500,-60.200,-60.200,-60.000,-51.500,-39.400,-29.100,-50.000,-49.900,-0.100
-174.750,-88.750,-29.000,-41.300,-54.500,-57.900,-58.100,-58.700,-60.100,-60.200,-60.000,-51.500,-39.200,-28.900,-50.100,-49.900,-0.200
-174.750,-89.250,-28.300,-40.700,-54.100,-57.500,-57.700,-58.200,-59.600,-59.600,-59.500,-51.100,-38.700,-28.300,-49.500,-49.400,-0.100
-174.750,-89.750,-27.700,-40.200,-53.600,-57.000,-57.200,-57.700,-59.100,-59.100,-59.000,-50.500,-38.100,-27.700,-49.000,-48.900,-0.100
-174.250,66.250,-20.600,-21.600,-15.100,-15.600,-6.600,3.000,6.400,5.400,3.600,-3.300,-9.900,-18.400,-7.700,-7.700,0.000
-174.250,65.750,-20.400,-22.000,-17.700,-15.400,-6.800,1.100,4.700,4.000,1.300,-5.100,-11.600,-18.700,-8.800,-8.900,0.100
-174.250,65.250,-18.000,-19.800,-17.300,-12.900,-4.800,1.500,5.300,4.800,1.400,-4.700,-10.600,-16.600,-7.600,-7.600,0.000
-174.250,64.750,-13.800,-15.900,-14.100,-9.300,-1.400,3.900,7.700,7.400,3.800,-2.000,-7.400,-12.900,-4.300,-4.500,0.200
-174.250,-82.750,-5.000,-12.000,-22.000,-27.500,-29.200,-28.600,-33.400,-33.700,-32.400,-23.400,-13.100,-5.000,-25.200,-22.100,-3.100
-174.250,-84.750,-13.300,-21.700,-32.600,-37.300,-38.700,-38.400,-42.300,-42.500,-41.600,-32.800,-21.900,-13.400,-31.400,-31.400,0.000
-174.250,-85.250,-22.800,-31.700,-42.900,-47.400,-48.600,-48.500,-52.000,-52.200,-51.400,-42.700,-31.600,-22.800,-41.200,-41.200,0.000
-174.250,-85.750,-23.900,-33.500,-45.000,-49.200,-50.200,-50.200,-53.300,-53.600,-52.900,-44.200,-33.000,-23.900,-42.900,-42.700,-0.200
-174.250,-86.250,-24.500,-34.700,-46.600,-50.600,-51.300,-51.500,-54.200,-54.500,-53.900,-45.300,-33.800,-24.400,-43.900,-43.800,-0.100
-174.250,-86.750,-26.400,-37.200,-49.600,-53.400,-54.000,-54.200,-56.600,-56.800,-56.300,-47.800,-36.100,-26.300,-46.300,-46.200,-0.100
-174.250,-87.250,-27.100,-38.400,-51.000,-54.600,-55.100,-55.500,-57.600,-57.700,-57.300,-48.800,-37.000,-27.100,-47.300,-47.300,0.000
-174.250,-87.750,-28.300,-40.000,-52.900,-56.400,-56.800,-57.200,-59.100,-59.200,-58.800,-50.400,-38.400,-28.300,-48.900,-48.800,-0.100
-174.250,-88.250,-29.100,-41.200,-54.300,-57.700,-58.000,-58.600,-60.200,-60.200,-60.000,-51.600,-39.400,-29.100,-50.000,-49.900,-0.100
-174.250,-88.750,-29.000,-41.200,-54.400,-57.800,-58.100,-58.600,-60.100,-60.100,-60.000,-51.400,-39.200,-28.800,-50.000,-49.900,-0.100
-174.250,-89.250,-28.300,-40.700,-54.100,-57.500,-57.600,-58.200,-59.600,-59.600,-59.500,-51.000,-38.700,-28.300,-49.500,-49.400,-0.100
-174.250,-89.750,-27.700,-40.200,-53.600,-57.000,-57.200,-57.700,-59.100,-59.100,-59.000,-50.500,-38.100,-27.700,-49.000,-48.900,-0.100
-173.750,66.750,-22.300,-22.800,-14.400,-17.600,-8.300,2.700,5.900,4.500,3.400,-3.600,-10.300,-20.000,-8.600,-8.600,0.000
-173.750,66.250,-21.300,-22.300,-16.200,-16.100,-7.200,2.200,5.600,4.600,2.700,-4.000,-10.800,-19.000,-8.400,-8.500,0.100
-173.750,65.750,-18.500,-20.100,-16.000,-13.200,-4.700,3.100,6.700,6.000,3.200,-3.200,-9.700,-16.600,-6.800,-6.900,0.100
-173.750,65.250,-16.300,-18.200,-15.800,-11.100,-3.000,3.300,7.100,6.600,3.200,-2.900,-9.000,-14.800,-5.800,-5.900,0.100
-173.750,64.750,-14.900,-16.900,-15.200,-10.100,-1.900,3.500,7.300,7.000,3.200,-2.800,-8.400,-14.000,-5.100,-5.300,0.200
-173.750,-84.750,-14.300,-22.700,-33.600,-38.300,-39.700,-39.400,-43.300,-43.500,-42.600,-33.800,-23.000,-14.400,-32.400,-32.400,0.000
-173.750,-85.250,-23.300,-32.200,-43.400,-47.900,-49.100,-49.000,-52.500,-52.800,-51.900,-43.200,-32.200,-23.400,-41.800,-41.700,-0.100
-173.750,-85.750,-24.000,-33.600,-45.100,-49.300,-50.300,-50.300,-53.400,-53.700,-53.000,-44.400,-33.100,-24.000,-43.000,-42.800,-0.200
-173.750,-86.250,-24.400,-34.600,-46.500,-50.600,-51.300,-51.500,-54.200,-54.400,-53.800,-45.200,-33.800,-24.300,-43.800,-43.700,-0.100
-173.750,-86.750,-26.300,-37.100,-49.500,-53.200,-53.800,-54.100,-56.400,-56.600,-56.200,-47.700,-36.000,-26.200,-46.200,-46.100,-0.100
-173.750,-87.250,-27.000,-38.300,-50.900,-54.500,-55.000,-55.400,-57.500,-57.600,-57.200,-48.700,-36.900,-27.000,-47.300,-47.200,-0.100
-173.750,-87.750,-28.300,-39.900,-52.900,-56.400,-56.800,-57.200,-59.000,-59.100,-58.800,-50.400,-38.300,-28.300,-48.800,-48.800,0.000
-173.750,-88.250,-29.100,-41.200,-54.300,-57.700,-58.000,-58.600,-60.200,-60.200,-60.000,-51.600,-39.400,-29.100,-50.000,-49.900,-0.100
-173.750,-88.750,-28.900,-41.200,-54.400,-57.800,-58.000,-58.600,-60.100,-60.100,-60.000,-51.400,-39.200,-28.800,-50.000,-49.900,-0.100
-173.750,-89.250,-28.300,-40.700,-54.000,-57.500,-57.600,-58.200,-59.600,-59.600,-59.500,-51.000,-38.700,-28.300,-49.500,-49.400,-0.100
-173.750,-89.750,-27.700,-40.200,-53.600,-57.000,-57.200,-57.700,-59.100,-59.100,-59.000,-50.500,-38.100,-27.700,-49.000,-48.900,-0.100
-173.250,66.750,-22.200,-22.700,-14.700,-17.300,-8.000,2.600,5.900,4.700,3.500,-3.500,-10.300,-19.700,-8.500,-8.500,0.000
-173.250,66.250,-20.700,-21.800,-16.200,-15.300,-6.500,2.600,6.100,5.200,3.000,-3.600,-10.400,-18.300,-7.900,-8.000,0.100
-173.250,65.750,-18.400,-20.100,-16.300,-12.800,-4.500,3.100,6.800,6.100,3.200,-3.200,-9.800,-16.300,-6.800,-6.800,0.000
-173.250,65.250,-17.600,-19.500,-17.200,-12.200,-4.200,2.100,5.900,5.400,1.900,-4.200,-10.300,-15.900,-7.100,-7.200,0.100
-173.250,64.750,-14.200,-16.200,-14.500,-9.300,-1.100,4.300,8.100,7.800,4.000,-2.000,-7.700,-13.300,-4.400,-4.500,0.100
-173.250,-84.750,-15.100,-23.500,-34.400,-39.100,-40.400,-40.200,-44.000,-44.200,-43.400,-34.500,-23.700,-15.200,-33.200,-33.100,-0.100
-173.250,-85.250,-22.700,-31.500,-42.800,-47.200,-48.500,-48.300,-51.800,-52.000,-51.200,-42.600,-31.500,-22.700,-41.100,-41.100,0.000
-173.250,-85.750,-24.100,-33.700,-45.200,-49.400,-50.500,-50.500,-53.500,-53.800,-53.100,-44.500,-33.200,-24.100,-43.100,-43.000,-0.100
-173.250,-86.250,-24.300,-34.500,-46.400,-50.400,-51.200,-51.300,-54.000,-54.300,-53.700,-45.100,-33.800,-24.200,-43.700,-43.600,-0.100
-173.250,-86.750,-25.900,-36.600,-48.800,-52.700,-53.300,-53.600,-56.000,-56.200,-55.700,-47.200,-35.600,-25.800,-45.700,-45.600,-0.100
-173.250,-87.250,-26.900,-38.200,-50.900,-54.500,-54.900,-55.300,-57.400,-57.600,-57.200,-48.700,-36.900,-26.900,-47.200,-47.100,-0.100
-173.250,-87.750,-28.200,-39.900,-52.800,-56.300,-56.700,-57.100,-59.000,-59.100,-58.800,-50.400,-38.300,-28.200,-48.800,-48.700,-0.100
-173.250,-88.250,-29.100,-41.200,-54.300,-57.700,-58.000,-58.600,-60.200,-60.200,-60.000,-51.600,-39.400,-29.100,-50.000,-49.900,-0.100
-173.250,-88.750,-28.900,-41.000,-54.400,-57.800,-58.000,-58.600,-60.100,-60.100,-59.900,-51.400,-39.100,-28.800,-50.000,-49.800,-0.200
-173.250,-89.250,-28.300,-40.700,-54.000,-57.500,-57.600,-58.200,-59.600,-59.600,-59.500,-51.000,-38.700,-28.300,-49.500,-49.400,-0.100
-173.250,-89.750,-27.700,-40.200,-53.600,-57.000,-57.200,-57.700,-59.100,-59.100,-59.000,-50.500,-38.100,-27.700,-49.000,-48.900,-0.100
-172.750,66.750,-22.700,-23.300,-16.200,-17.600,-8.300,1.600,5.100,4.000,2.500,-4.400,-11.200,-20.100,-9.200,-9.200,0.000
-172.750,66.250,-20.800,-22.100,-17.100,-15.200,-6.500,2.100,5.700,4.800,2.500,-4.000,-10.800,-18.300,-8.200,-8.300,0.100
-172.750,65.750,-18.500,-20.100,-16.800,-12.600,-4.500,2.900,6.800,6.000,3.000,-3.400,-10.100,-16.100,-6.900,-7.000,0.100
-172.750,65.250,-16.800,-18.700,-16.500,-11.100,-3.400,3.000,6.900,6.300,2.900,-3.100,-9.500,-14.900,-6.200,-6.200,0.000
-172.750,64.750,-14.000,-16.100,-14.400,-9.100,-1.100,4.400,8.300,8.000,4.300,-1.700,-7.400,-12.900,-4.200,-4.300,0.100
-172.750,-83.250,-5.300,-12.500,-22.700,-27.900,-29.600,-29.200,-33.600,-34.000,-32.800,-23.900,-13.400,-5.300,-22.500,-22.500,0.000
-172.750,-84.750,-13.900,-22.300,-33.100,-37.800,-39.200,-39.000,-42.800,-43.000,-42.100,-33.300,-22.600,-14.000,-32.000,-31.900,-0.100
-172.750,-85.250,-22.600,-31.500,-42.700,-47.200,-48.300,-48.300,-51.800,-51.900,-51.200,-42.500,-31.500,-22.700,-41.000,-41.000,0.000
-172.750,-85.750,-24.200,-33.800,-45.300,-49.500,-50.600,-50.600,-53.600,-54.000,-53.200,-44.600,-33.400,-24.200,-43.200,-43.100,-0.100
-172.750,-86.250,-24.300,-34.400,-46.300,-50.400,-51.100,-51.300,-54.000,-54.100,-53.700,-45.000,-33.700,-24.200,-43.600,-43.500,-0.100
-172.750,-86.750,-25.800,-36.400,-48.700,-52.500,-53.200,-53.400,-55.800,-56.000,-55.500,-47.000,-35.400,-25.700,-45.500,-45.500,0.000
-172.750,-87.250,-26.900,-38.200,-50.800,-54.400,-54.900,-55.300,-57.300,-57.500,-57.100,-48.600,-36.800,-26.900,-47.100,-47.100,0.000
-172.750,-87.750,-28.200,-39.900,-52.800,-56.300,-56.700,-57.100,-59.000,-59.100,-58.800,-50.400,-38.300,-28.200,-48.800,-48.700,-0.100
-172.750,-88.250,-29.200,-41.200,-54.300,-57.700,-58.000,-58.600,-60.200,-60.200,-60.000,-51.600,-39.400,-29.100,-50.000,-50.000,0.000
-172.750,-88.750,-28.900,-41.000,-54.300,-57.800,-58.000,-58.600,-60.000,-60.100,-59.900,-51.400,-39.100,-28.800,-50.000,-49.800,-0.200
-172.750,-89.250,-28.300,-40.700,-54.000,-57.400,-57.600,-58.200,-59.600,-59.600,-59.500,-51.000,-38.700,-28.300,-49.500,-49.400,-0.100
-172.750,-89.750,-27.700,-40.200,-53.600,-57.000,-57.200,-57.700,-59.100,-59.100,-59.000,-50.500,-38.100,-27.700,-49.000,-48.900,-0.100
-172.250,66.750,-22.200,-23.100,-17.000,-16.700,-7.700,1.600,5.200,4.200,2.400,-4.300,-11.200,-19.500,-9.000,-9.000,0.000
-172.250,66.250,-21.700,-23.200,-18.900,-15.800,-7.200,0.800,4.600,3.800,1.200,-5.100,-12.100,-19.100,-9.300,-9.400,0.100
-172.250,65.750,-19.700,-21.400,-18.500,-13.500,-5.700,1.600,5.600,4.700,1.600,-4.700,-11.600,-17.100,-8.100,-8.200,0.100
-172.250,65.250,-16.200,-18.100,-16.000,-10.400,-2.700,3.700,7.700,7.000,3.600,-2.500,-8.900,-14.100,-5.500,-5.600,0.100
-172.250,64.750,-14.400,-16.500,-14.800,-9.400,-1.600,3.900,8.000,7.600,4.100,-1.700,-7.600,-12.900,-4.600,-4.600,0.000
-172.250,-13.750,27.400,27.100,26.600,26.500,25.800,25.000,25.200,24.700,25.400,26.100,26.500,27.200,26.100,26.100,0.000
-172.250,-83.250,-5.300,-12.500,-22.700,-27.900,-29.600,-29.100,-33.600,-34.000,-32.800,-23.900,-13.500,-5.300,-22.600,-22.500,-0.100
-172.250,-84.750,-12.800,-21.100,-32.000,-36.700,-38.100,-37.800,-41.700,-41.900,-41.000,-32.200,-21.400,-12.800,-30.800,-30.800,0.000
-172.250,-85.250,-23.200,-32.100,-43.300,-47.700,-48.900,-48.800,-52.200,-52.500,-51.800,-43.100,-32.100,-23.200,-41.600,-41.600,0.000
-172.250,-85.750,-24.300,-33.900,-45.400,-49.600,-50.600,-50.600,-53.700,-54.000,-53.300,-44.700,-33.500,-24.300,-43.300,-43.200,-0.100
-172.250,-86.250,-24.200,-34.400,-46.300,-50.300,-51.000,-51.200,-53.900,-54.100,-53.600,-45.000,-33.600,-24.100,-43.600,-43.500,-0.100
-172.250,-86.750,-25.600,-36.300,-48.500,-52.300,-53.000,-53.200,-55.600,-55.800,-55.300,-46.800,-35.200,-25.500,-45.400,-45.300,-0.100
-172.250,-87.250,-26.800,-38.100,-50.700,-54.400,-54.800,-55.200,-57.300,-57.400,-57.100,-48.600,-36.700,-26.800,-47.100,-47.000,-0.100
-172.250,-87.750,-28.200,-39.900,-52.800,-56.300,-56.700,-57.100,-59.000,-59.000,-58.700,-50.300,-38.300,-28.200,-48.800,-48.700,-0.100
-172.250,-88.250,-29.200,-41.200,-54.300,-57.700,-58.000,-58.600,-60.200,-60.200,-60.000,-51.600,-39.400,-29.200,-50.000,-50.000,0.000
-172.250,-88.750,-28.900,-41.000,-54.300,-57.800,-58.000,-58.500,-60.000,-60.000,-59.900,-51.400,-39.100,-28.800,-49.900,-49.800,-0.100
-172.250,-89.250,-28.300,-40.700,-54.000,-57.400,-57.600,-58.200,-59.600,-59.600,-59.500,-51.000,-38.700,-28.300,-49.500,-49.400,-0.100
-172.250,-89.750,-27.700,-40.200,-53.600,-57.000,-57.200,-57.700,-59.100,-59.100,-59.000,-50.500,-38.100,-27.700,-49.000,-48.900,-0.100
-171.750,66.750,-21.900,-23.100,-18.000,-16.100,-7.200,1.500,5.200,4.300,2.100,-4.300,-11.300,-19.100,-8.900,-9.000,0.100
-171.750,66.250,-21.600,-23.300,-19.600,-15.500,-6.900,0.600,4.500,3.800,1.000,-5.100,-12.100,-18.900,-9.300,-9.400,0.100
-171.750,65.750,-20.400,-21.800,-19.300,-13.700,-6.100,1.100,5.100,4.100,0.900,-5.400,-12.200,-17.300,-8.700,-8.800,0.100
-171.750,-84.750,-9.600,-18.000,-28.800,-33.500,-34.900,-34.600,-38.400,-38.600,-37.800,-29.000,-18.300,-9.700,-27.600,-27.600,0.000
-171.750,-85.250,-23.300,-32.200,-43.400,-47.900,-49.000,-48.900,-52.300,-52.600,-51.900,-43.200,-32.200,-23.400,-41.700,-41.700,0.000
-171.750,-85.750,-24.400,-33.900,-45.500,-49.700,-50.700,-50.700,-53.800,-54.100,-53.400,-44.800,-33.500,-24.400,-43.400,-43.200,-0.200
-171.750,-86.250,-24.000,-34.200,-46.100,-50.100,-50.900,-51.000,-53.700,-53.900,-53.400,-44.800,-33.400,-23.900,-43.400,-43.300,-0.100
-171.750,-86.750,-25.400,-36.000,-48.200,-52.100,-52.800,-53.000,-55.400,-55.600,-55.100,-46.600,-35.000,-25.300,-45.100,-45.000,-0.100
-171.750,-87.250,-26.800,-38.100,-50.700,-54.300,-54.800,-55.200,-57.200,-57.400,-57.000,-48.500,-36.700,-26.800,-47.000,-47.000,0.000
-171.750,-87.750,-28.200,-39.800,-52.800,-56.300,-56.700,-57.100,-58.900,-59.000,-58.700,-50.300,-38.200,-28.200,-48.700,-48.700,0.000
-171.750,-88.250,-29.200,-41.200,-54.300,-57.700,-58.000,-58.600,-60.200,-60.200,-60.000,-51.600,-39.400,-29.200,-51.000,-50.000,-1.000
-171.750,-88.750,-28.900,-41.100,-54.400,-57.800,-58.000,-58.600,-60.100,-60.100,-60.000,-51.400,-39.200,-28.800,-50.000,-49.900,-0.100
-171.750,-89.250,-28.300,-40.700,-54.000,-57.400,-57.600,-58.200,-59.500,-59.600,-59.400,-51.000,-38.700,-28.300,-49.500,-49.400,-0.100
-171.750,-89.750,-27.700,-40.200,-53.600,-57.000,-57.200,-57.700,-59.100,-59.100,-59.000,-50.500,-38.100,-27.700,-49.000,-48.900,-0.100
-171.250,66.250,-20.300,-22.300,-19.100,-14.100,-5.500,1.700,5.700,5.000,2.100,-3.900,-11.000,-17.700,-8.100,-8.300,0.200
-171.250,-84.750,-11.900,-20.200,-31.000,-35.700,-37.100,-36.800,-40.600,-40.900,-40.000,-31.300,-20.500,-11.900,-29.900,-29.800,-0.100
-171.250,-85.250,-23.800,-32.700,-43.800,-48.300,-49.400,-49.400,-52.800,-53.000,-52.300,-43.700,-32.600,-23.800,-42.200,-42.100,-0.100
-171.250,-85.750,-24.500,-34.000,-45.500,-49.700,-50.800,-50.800,-53.800,-54.100,-53.400,-44.800,-33.600,-24.500,-43.400,-43.300,-0.100
-171.250,-86.250,-23.800,-34.000,-45.900,-49.900,-50.600,-50.800,-53.500,-53.700,-53.200,-44.600,-33.300,-23.700,-43.200,-43.100,-0.100
-171.250,-86.750,-25.400,-36.200,-48.600,-52.300,-52.900,-53.200,-55.500,-55.600,-55.300,-46.800,-35.100,-25.300,-45.300,-45.200,-0.100
-171.250,-87.250,-26.800,-38.000,-50.600,-54.200,-54.700,-55.100,-57.200,-57.300,-57.000,-48.500,-36.700,-26.800,-47.000,-46.900,-0.100
-171.250,-87.750,-28.100,-39.800,-52.700,-56.200,-56.600,-57.000,-58.900,-59.000,-58.700,-50.300,-38.200,-28.100,-48.700,-48.600,-0.100
-171.250,-88.250,-29.200,-41.200,-54.300,-57.700,-58.000,-58.600,-60.200,-60.200,-60.000,-51.600,-39.400,-29.200,-50.000,-50.000,0.000
-171.250,-88.750,-28.900,-41.200,-54.400,-57.800,-58.000,-58.600,-60.000,-60.100,-59.900,-51.400,-39.100,-28.800,-50.000,-49.800,-0.200
-171.250,-89.250,-28.300,-40.700,-54.000,-57.400,-57.600,-58.100,-59.500,-59.500,-59.400,-51.000,-38.700,-28.300,-49.500,-49.400,-0.100
-171.250,-89.750,-27.700,-40.200,-53.600,-57.000,-57.200,-57.700,-59.100,-59.100,-59.000,-50.500,-38.100,-27.700,-49.000,-48.900,-0.100
-170.750,66.250,-19.300,-21.700,-19.100,-13.400,-4.400,2.300,6.500,5.800,2.900,-2.900,-10.100,-16.900,-7.400,-7.500,0.100
-170.750,65.750,-21.100,-22.500,-20.300,-14.000,-6.700,0.400,4.500,3.500,-0.100,-6.300,-13.100,-17.700,-9.300,-9.400,0.100
-170.750,-83.250,-5.300,-12.500,-22.700,-27.900,-29.600,-29.100,-33.600,-34.000,-32.900,-23.900,-13.500,-5.300,-22.500,-22.500,0.000
-170.750,-84.750,-10.100,-18.400,-29.300,-33.900,-35.300,-35.000,-38.900,-39.100,-38.200,-29.500,-18.700,-10.100,-28.100,-28.000,-0.100
-170.750,-85.250,-23.700,-32.600,-43.800,-48.200,-49.400,-49.300,-52.700,-53.000,-52.300,-43.600,-32.600,-23.800,-42.100,-42.100,0.000
-170.750,-85.750,-24.500,-34.000,-45.600,-49.700,-50.800,-50.800,-53.800,-54.100,-53.500,-44.900,-33.600,-24.500,-43.400,-43.300,-0.100
-170.750,-86.250,-23.500,-33.700,-45.600,-49.600,-50.300,-50.500,-53.200,-53.400,-52.900,-44.300,-32.900,-23.400,-42.900,-42.800,-0.100
-170.750,-86.750,-25.200,-36.100,-48.400,-52.200,-52.800,-53.000,-55.400,-55.500,-55.100,-46.600,-35.000,-25.100,-45.100,-45.000,-0.100
-170.750,-87.250,-26.700,-38.000,-50.600,-54.200,-54.700,-55.100,-57.100,-57.300,-56.900,-48.400,-36.600,-26.700,-46.900,-46.900,0.000
-170.750,-87.750,-28.100,-39.800,-52.700,-56.200,-56.600,-57.000,-58.900,-59.000,-58.700,-50.200,-38.200,-28.100,-48.700,-48.600,-0.100
-170.750,-88.250,-29.200,-41.200,-54.300,-57.700,-58.000,-58.500,-60.200,-60.200,-60.000,-51.600,-39.400,-29.200,-54.000,-50.000,-4.000
-170.750,-88.750,-28.900,-41.100,-54.400,-57.800,-58.000,-58.500,-60.000,-60.000,-59.900,-51.400,-39.100,-28.800,-50.000,-49.800,-0.200
-170.750,-89.250,-28.200,-40.600,-54.000,-57.400,-57.600,-58.100,-59.500,-59.500,-59.400,-51.000,-38.600,-28.200,-49.400,-49.300,-0.100
-170.750,-89.750,-27.700,-40.200,-53.600,-57.000,-57.200,-57.700,-59.100,-59.100,-59.000,-50.500,-38.100,-27.700,-49.000,-48.900,-0.100
-170.250,66.250,-19.200,-22.100,-20.300,-14.200,-4.400,2.000,6.200,5.500,2.600,-2.900,-9.900,-17.600,-7.700,-7.900,0.200
-170.250,63.250,-7.700,-12.000,-9.700,-5.200,-0.300,3.200,8.100,7.700,5.500,1.300,-3.200,-5.300,-1.400,-1.500,0.100
-170.250,-83.250,-5.300,-12.500,-22.700,-27.800,-29.600,-29.100,-33.600,-34.000,-32.900,-23.900,-13.500,-5.300,-22.500,-22.500,0.000
-170.250,-84.750,-11.100,-19.400,-30.200,-34.900,-36.200,-36.000,-39.800,-40.100,-39.200,-30.500,-19.700,-11.100,-29.100,-29.000,-0.100
-170.250,-85.250,-17.000,-25.900,-37.100,-41.500,-42.700,-42.600,-46.000,-46.300,-45.600,-36.900,-25.900,-17.100,-35.400,-35.400,0.000
-170.250,-85.750,-24.500,-34.000,-45.600,-49.700,-50.800,-50.800,-53.800,-54.100,-53.500,-44.900,-33.600,-24.500,-33.400,-43.300,9.900
-170.250,-86.250,-23.200,-33.400,-45.200,-49.200,-50.000,-50.200,-52.800,-53.000,-52.600,-44.000,-32.500,-23.100,-42.500,-42.400,-0.100
-170.250,-86.750,-25.100,-36.000,-48.300,-52.000,-52.700,-52.900,-55.300,-55.400,-55.000,-46.500,-34.900,-25.000,-45.000,-44.900,-0.100
-170.250,-87.250,-26.700,-37.900,-50.500,-54.100,-54.600,-55.000,-57.100,-57.200,-56.900,-48.400,-36.600,-26.700,-46.900,-46.800,-0.100
-170.250,-87.750,-28.100,-39.800,-52.700,-56.200,-56.600,-57.000,-58.800,-58.900,-58.600,-50.200,-38.200,-28.100,-48.700,-48.600,-0.100
-170.250,-88.250,-29.200,-41.200,-54.300,-57.700,-58.000,-58.500,-60.200,-60.200,-60.000,-51.600,-39.400,-29.200,-50.000,-50.000,0.000
-170.250,-88.750,-28.900,-41.100,-54.300,-57.800,-58.000,-58.400,-60.000,-60.000,-59.900,-51.400,-39.100,-28.800,-49.900,-49.800,-0.100
-170.250,-89.250,-28.200,-40.600,-54.000,-57.400,-57.500,-58.100,-59.500,-59.500,-59.400,-50.900,-38.600,-28.200,-49.400,-49.300,-0.100
-170.250,-89.750,-27.700,-40.200,-53.600,-57.000,-57.200,-57.700,-59.100,-59.100,-59.000,-50.500,-38.100,-27.700,-49.000,-48.900,-0.100
-169.750,63.250,-7.500,-11.800,-10.000,-5.300,-0.500,3.000,7.700,7.400,5.400,1.000,-3.300,-5.200,-1.500,-1.600,0.100
-169.750,-83.250,-5.300,-12.500,-22.700,-27.800,-29.600,-29.100,-33.600,-34.000,-32.900,-23.900,-13.500,-5.300,-22.500,-22.500,0.000
-169.750,-84.750,-9.800,-18.100,-28.900,-33.600,-34.900,-34.700,-38.400,-38.700,-37.900,-29.200,-18.400,-9.800,-27.700,-27.700,0.000
-169.750,-85.250,-16.400,-25.300,-36.500,-40.900,-42.000,-42.000,-45.400,-45.700,-45.000,-36.300,-25.300,-16.400,-34.800,-34.800,0.000
-169.750,-85.750,-24.600,-34.100,-45.700,-49.800,-50.800,-50.800,-53.900,-54.100,-53.600,-44.900,-33.700,-24.600,-43.500,-43.400,-0.100
-169.750,-86.250,-22.900,-33.100,-45.000,-49.000,-49.700,-49.900,-52.600,-52.700,-52.300,-43.700,-32.200,-22.800,-42.300,-42.200,-0.100
-169.750,-86.750,-25.100,-35.900,-48.200,-52.000,-52.600,-52.900,-55.200,-55.300,-55.000,-46.500,-34.800,-25.000,-45.000,-44.900,-0.100
-169.750,-87.250,-26.600,-37.900,-50.500,-54.100,-54.500,-54.900,-57.000,-57.200,-56.800,-48.300,-36.500,-26.600,-46.800,-46.700,-0.100
-169.750,-87.750,-28.100,-39.800,-52.700,-56.200,-56.600,-57.000,-58.800,-58.900,-58.600,-50.200,-38.200,-28.100,-48.600,-48.600,0.000
-169.750,-88.250,-29.200,-41.200,-54.300,-57.700,-58.000,-58.500,-60.200,-60.200,-60.000,-51.600,-39.400,-29.200,-42.000,-50.000,8.000
-169.750,-88.750,-28.900,-41.100,-54.300,-57.800,-58.000,-58.400,-60.000,-60.000,-59.900,-51.400,-39.100,-28.800,-49.900,-49.800,-0.100
-169.750,-89.250,-28.200,-40.600,-54.000,-57.400,-57.500,-58.100,-59.500,-59.500,-59.400,-50.900,-38.600,-28.200,-49.400,-49.300,-0.100
-169.750,-89.750,-27.700,-40.200,-53.600,-57.000,-57.200,-57.700,-59.100,-59.100,-59.000,-50.500,-38.100,-27.700,-49.000,-48.900,-0.100
-169.250,63.250,-5.700,-9.900,-8.900,-4.300,0.400,3.900,8.200,7.900,6.300,1.900,-2.200,-3.600,-0.400,-0.500,0.100
-169.250,-84.750,-9.000,-17.300,-28.100,-32.700,-34.100,-33.900,-37.600,-37.900,-37.100,-28.400,-17.600,-9.000,-26.900,-26.900,0.000
-169.250,-85.250,-16.200,-25.100,-36.200,-40.600,-41.800,-41.700,-45.100,-45.400,-44.700,-36.100,-25.100,-16.200,-34.600,-34.500,-0.100
-169.250,-85.750,-24.900,-34.400,-46.000,-50.200,-51.200,-51.200,-54.200,-54.500,-53.900,-45.300,-34.100,-24.900,-43.900,-43.700,-0.200
-169.250,-86.250,-22.300,-32.600,-44.500,-48.400,-49.200,-49.400,-52.000,-52.200,-51.800,-43.200,-31.700,-22.300,-41.800,-41.600,-0.200
-169.250,-86.750,-25.100,-35.900,-48.200,-51.900,-52.500,-52.800,-55.100,-55.300,-54.900,-46.400,-34.800,-24.900,-44.900,-44.800,-0.100
-169.250,-87.250,-26.600,-37.800,-50.400,-54.000,-54.500,-54.900,-57.000,-57.000,-56.800,-48.300,-36.500,-26.600,-46.800,-46.700,-0.100
-169.250,-87.750,-28.000,-39.700,-52.600,-56.100,-56.500,-56.900,-58.800,-58.900,-58.600,-50.200,-38.100,-28.000,-48.600,-48.500,-0.100
-169.250,-88.250,-29.100,-41.000,-54.100,-57.500,-57.800,-58.300,-60.000,-60.100,-59.800,-51.400,-39.200,-29.100,-49.800,-49.800,0.000
-169.250,-88.750,-28.900,-41.100,-54.300,-57.800,-58.000,-58.400,-60.000,-60.000,-59.900,-51.300,-39.100,-28.700,-49.900,-49.800,-0.100
-169.250,-89.250,-28.200,-40.600,-53.900,-57.400,-57.500,-58.100,-59.500,-59.500,-59.400,-50.900,-38.600,-28.200,-44.400,-49.300,4.900
-169.250,-89.750,-27.700,-40.200,-53.600,-57.000,-57.200,-57.700,-59.100,-59.100,-59.000,-50.500,-38.100,-27.700,-48.000,-48.900,0.900
-168.750,63.250,-4.900,-9.100,-8.500,-3.900,0.800,4.300,8.300,8.100,6.600,2.200,-1.800,-3.000,0.000,-0.100,0.100
-168.750,-84.750,-8.200,-16.600,-27.400,-32.000,-33.400,-33.100,-36.800,-37.200,-36.400,-27.600,-16.900,-8.300,-26.200,-26.200,0.000
-168.750,-85.250,-15.400,-24.300,-35.400,-39.800,-41.000,-40.900,-44.300,-44.600,-43.900,-35.300,-24.300,-15.400,-33.700,-33.700,0.000
-168.750,-85.750,-25.200,-34.700,-46.300,-50.400,-51.400,-51.400,-54.500,-54.800,-54.200,-45.600,-34.300,-25.200,-44.100,-44.000,-0.100
-168.750,-86.250,-21.800,-32.100,-43.900,-47.800,-48.600,-48.800,-51.500,-51.700,-51.200,-42.700,-31.200,-21.800,-41.200,-41.100,-0.100
-168.750,-86.750,-25.000,-35.800,-48.100,-51.900,-52.500,-52.800,-55.100,-55.200,-54.900,-46.400,-34.700,-24.900,-44.900,-44.800,-0.100
-168.750,-87.250,-26.500,-37.800,-50.400,-54.000,-54.400,-54.800,-56.900,-57.000,-56.700,-48.200,-36.400,-26.500,-46.700,-46.600,-0.100
-168.750,-87.750,-28.000,-39.700,-52.600,-56.100,-56.500,-56.900,-58.800,-58.900,-58.600,-50.200,-38.100,-28.000,-48.600,-48.500,-0.100
-168.750,-88.250,-29.100,-41.000,-54.100,-57.500,-57.800,-58.300,-60.000,-60.100,-59.800,-51.400,-39.200,-29.100,-49.800,-49.800,0.000
-168.750,-88.750,-28.800,-41.000,-54.300,-57.700,-57.900,-58.400,-60.000,-60.000,-59.900,-51.300,-39.100,-28.700,-49.900,-49.800,-0.100
-168.750,-89.250,-28.200,-40.600,-53.900,-57.400,-57.500,-58.100,-59.500,-59.500,-59.400,-50.900,-38.600,-28.200,-49.400,-49.300,-0.100
-168.750,-89.750,-27.700,-40.200,-53.600,-57.000,-57.200,-57.700,-59.100,-59.100,-59.000,-50.500,-38.100,-27.700,-49.000,-48.900,-0.100
-168.250,53.250,1.700,0.600,1.600,2.700,4.600,7.100,9.700,10.800,9.400,6.300,3.600,2.100,5.000,5.000,0.000
-168.250,-84.750,-7.200,-15.500,-26.300,-30.900,-32.300,-32.000,-35.800,-36.100,-35.300,-26.600,-15.800,-7.200,-25.100,-25.100,0.000
-168.250,-85.250,-18.000,-26.800,-38.000,-42.300,-43.500,-43.400,-46.800,-47.100,-46.400,-37.800,-26.800,-17.900,-36.300,-36.200,-0.100
-168.250,-85.750,-25.000,-34.500,-46.100,-50.200,-51.200,-51.300,-54.300,-54.600,-54.000,-45.400,-34.200,-25.000,-44.000,-43.800,-0.200
-168.250,-86.250,-21.500,-31.800,-43.700,-47.600,-48.300,-48.500,-51.200,-51.400,-51.000,-42.400,-30.900,-21.500,-40.900,-40.800,-0.100
-168.250,-86.750,-24.900,-35.700,-48.100,-51.800,-52.400,-52.700,-55.000,-55.100,-54.800,-46.300,-34.600,-24.800,-44.800,-44.700,-0.100
-168.250,-87.250,-26.500,-37.700,-50.300,-53.900,-54.400,-54.800,-56.900,-56.900,-56.700,-48.200,-36.400,-26.500,-46.700,-46.600,-0.100
-168.250,-87.750,-28.000,-39.700,-52.600,-56.100,-56.500,-56.900,-58.700,-58.800,-58.500,-50.100,-38.100,-28.000,-48.600,-48.500,-0.100
-168.250,-88.250,-29.100,-41.000,-54.100,-57.500,-57.800,-58.300,-60.000,-60.100,-59.800,-51.400,-39.200,-29.100,-49.800,-49.800,0.000
-168.250,-88.750,-28.800,-41.000,-54.300,-57.700,-57.900,-58.400,-59.900,-60.000,-59.900,-51.300,-39.100,-28.700,-49.900,-49.800,-0.100
-168.250,-89.250,-28.200,-40.600,-53.900,-57.300,-57.500,-58.100,-59.500,-59.500,-59.400,-50.900,-38.600,-28.200,-49.400,-49.300,-0.100
-168.250,-89.750,-27.700,-40.200,-53.600,-57.000,-57.200,-57.700,-59.100,-59.100,-59.000,-50.500,-38.100,-27.700,-49.000,-48.900,-0.100
-167.750,65.750,-16.600,-18.000,-17.600,-10.900,-1.500,5.900,9.400,9.500,6.100,-0.100,-7.000,-15.000,-4.500,-4.600,0.100
-167.750,-85.250,-17.100,-25.900,-37.100,-41.400,-42.600,-42.500,-45.900,-46.200,-45.500,-36.900,-25.900,-17.100,-35.400,-35.300,-0.100
-167.750,-85.750,-24.600,-34.100,-45.700,-49.800,-50.800,-50.900,-53.900,-54.200,-53.600,-45.000,-33.800,-24.600,-43.500,-43.400,-0.100
-167.750,-86.250,-21.200,-31.500,-43.400,-47.300,-48.100,-48.300,-50.900,-51.100,-50.700,-42.100,-30.700,-21.200,-40.700,-40.500,-0.200
-167.750,-86.750,-24.800,-35.600,-47.900,-51.600,-52.200,-52.500,-54.900,-55.000,-54.600,-46.100,-34.500,-24.700,-44.600,-44.500,-0.100
-167.750,-87.250,-26.400,-37.700,-50.300,-53.900,-54.300,-54.700,-56.800,-56.900,-56.600,-48.100,-36.300,-26.400,-46.600,-46.500,-0.100
-167.750,-87.750,-28.000,-39.700,-52.600,-56.000,-56.400,-56.900,-58.700,-58.800,-58.500,-50.100,-38.100,-28.000,-48.500,-48.500,0.000
-167.750,-88.250,-29.200,-41.200,-54.300,-57.700,-58.000,-58.500,-60.200,-60.200,-60.000,-51.600,-39.400,-29.200,-50.000,-50.000,0.000
-167.750,-88.750,-28.800,-41.000,-54.300,-57.700,-57.900,-58.400,-59.900,-60.000,-59.800,-51.300,-39.000,-28.700,-49.900,-49.700,-0.200
-167.750,-89.250,-28.200,-40.600,-53.900,-57.300,-57.500,-58.100,-59.500,-59.500,-59.400,-50.900,-38.600,-28.200,-49.400,-49.300,-0.100
-167.750,-89.750,-27.700,-40.200,-53.600,-57.000,-57.200,-57.700,-59.100,-59.100,-59.000,-50.500,-38.100,-27.700,-48.000,-48.900,0.900
-167.250,65.750,-17.600,-18.600,-17.500,-10.600,-1.500,5.800,9.400,9.200,5.500,-1.000,-8.000,-15.300,-4.900,-5.000,0.100
-167.250,-83.250,-5.400,-12.600,-22.600,-27.800,-29.600,-29.100,-33.500,-33.900,-32.800,-24.000,-13.600,-5.400,-22.500,-22.500,0.000
-167.250,-85.250,-18.300,-27.200,-38.300,-42.700,-43.900,-43.800,-47.200,-47.500,-46.800,-38.200,-27.200,-18.300,-36.700,-36.600,-0.100
-167.250,-85.750,-23.600,-33.200,-44.700,-48.800,-49.800,-49.900,-52.900,-53.200,-52.600,-44.000,-32.800,-23.600,-42.600,-42.400,-0.200
-167.250,-86.250,-20.900,-31.200,-43.100,-47.100,-47.800,-48.000,-50.700,-50.900,-50.400,-41.800,-30.400,-20.900,-40.400,-40.300,-0.100
-167.250,-86.750,-24.500,-35.300,-47.600,-51.300,-51.900,-52.200,-54.500,-54.700,-54.300,-45.800,-34.200,-24.400,-44.300,-44.200,-0.100
-167.250,-87.250,-26.400,-37.600,-50.200,-53.800,-54.300,-54.700,-56.800,-56.800,-56.600,-48.100,-36.300,-26.400,-46.600,-46.500,-0.100
-167.250,-87.750,-27.900,-39.600,-52.500,-56.000,-56.400,-56.800,-58.700,-58.800,-58.500,-50.100,-38.000,-27.900,-48.500,-48.400,-0.100
-167.250,-88.250,-29.200,-41.200,-54.300,-57.700,-58.000,-58.500,-60.200,-60.200,-60.000,-51.600,-39.400,-29.200,-50.000,-50.000,0.000
-167.250,-88.750,-28.800,-40.900,-54.300,-57.700,-57.900,-58.300,-59.900,-59.900,-59.800,-51.300,-39.000,-28.700,-49.800,-49.700,-0.100
-167.250,-89.250,-28.200,-40.600,-53.900,-57.300,-57.500,-58.100,-59.500,-59.500,-59.400,-50.900,-38.600,-28.200,-49.400,-49.300,-0.100
-167.250,-89.750,-27.700,-40.200,-53.600,-57.000,-57.200,-57.700,-59.100,-59.100,-59.000,-50.500,-38.100,-27.700,-49.000,-48.900,-0.100
-166.750,65.750,-18.500,-19.100,-17.500,-10.300,-1.600,5.800,9.500,9.200,5.200,-1.700,-8.800,-15.600,-5.200,-5.300,0.100
-166.750,60.250,-9.200,-10.100,-7.700,-4.400,1.400,5.600,9.200,9.500,7.400,1.900,-2.400,-7.500,-0.400,-0.500,0.100
-166.750,53.750,-0.300,-0.900,0.300,1.300,3.900,6.700,9.700,10.600,8.300,4.800,1.900,0.400,3.900,3.900,0.000
-166.750,-85.250,-16.000,-24.900,-36.000,-40.400,-41.500,-41.500,-44.900,-45.200,-44.500,-35.900,-24.900,-16.000,-34.400,-34.300,-0.100
-166.750,-85.750,-22.200,-31.700,-43.200,-47.300,-48.300,-48.400,-51.400,-51.700,-51.100,-42.500,-31.300,-22.100,-41.100,-40.900,-0.200
-166.750,-86.250,-20.700,-31.000,-42.900,-46.900,-47.600,-47.800,-50.400,-50.600,-50.200,-41.600,-30.200,-20.700,-40.200,-40.000,-0.200
-166.750,-86.750,-24.000,-34.700,-46.900,-50.700,-51.400,-51.600,-54.000,-54.100,-53.800,-45.300,-33.700,-23.900,-43.800,-43.700,-0.100
-166.750,-87.250,-26.300,-37.600,-50.200,-53.800,-54.200,-54.600,-56.700,-56.800,-56.500,-48.000,-36.200,-26.300,-46.500,-46.400,-0.100
-166.750,-87.750,-27.900,-39.600,-52.500,-56.000,-56.400,-56.800,-58.600,-58.700,-58.400,-50.100,-38.000,-27.900,-48.500,-48.400,-0.100
-166.750,-88.250,-29.200,-41.200,-54.300,-57.700,-58.000,-58.500,-60.200,-60.200,-60.000,-51.500,-39.400,-29.100,-50.000,-49.900,-0.100
-166.750,-88.750,-28.800,-40.900,-54.200,-57.700,-57.900,-58.300,-59.900,-59.900,-59.800,-51.300,-39.000,-28.700,-49.800,-49.700,-0.100
-166.750,-89.250,-28.200,-40.600,-53.900,-57.300,-57.500,-58.000,-59.400,-59.400,-59.300,-50.900,-38.600,-28.200,-49.400,-49.300,-0.100
-166.750,-89.750,-27.700,-40.200,-53.600,-57.000,-57.200,-57.700,-59.100,-59.100,-59.000,-50.500,-38.100,-27.700,-49.000,-48.900,-0.100
-166.250,65.750,-19.600,-20.000,-18.000,-10.800,-2.100,5.300,9.100,8.600,4.400,-2.700,-10.000,-16.400,-5.900,-6.000,0.100
-166.250,65.250,-18.100,-17.400,-15.700,-6.900,0.200,8.100,11.100,10.500,6.100,-1.200,-8.100,-14.700,-3.800,-3.800,0.000
-166.250,64.750,-16.500,-17.100,-15.100,-8.200,0.400,6.800,9.900,9.200,5.100,-2.300,-9.000,-14.800,-4.200,-4.300,0.100
-166.250,60.250,-11.700,-12.400,-9.500,-5.700,0.900,5.500,9.000,9.400,6.900,0.900,-3.900,-9.800,-1.600,-1.700,0.100
-166.250,53.750,-1.800,-2.200,-1.200,-0.200,2.500,5.300,8.300,9.100,6.800,3.300,0.400,-1.000,2.500,2.400,0.100
-166.250,-85.250,-15.600,-24.400,-35.600,-39.900,-41.100,-41.000,-44.400,-44.700,-44.000,-35.500,-24.400,-15.600,-33.900,-33.800,-0.100
-166.250,-85.750,-20.800,-30.300,-41.800,-45.900,-46.900,-47.000,-50.000,-50.300,-49.700,-41.100,-29.900,-20.800,-39.700,-39.500,-0.200
-166.250,-86.250,-20.600,-30.900,-42.800,-46.700,-47.400,-47.600,-50.300,-50.500,-50.100,-41.500,-30.100,-20.600,-40.000,-39.900,-0.100
-166.250,-86.750,-23.700,-34.400,-46.600,-50.400,-51.100,-51.300,-53.700,-53.800,-53.500,-45.000,-33.400,-23.600,-43.500,-43.400,-0.100
-166.250,-87.250,-26.300,-37.500,-50.100,-53.700,-54.200,-54.600,-56.700,-56.700,-56.500,-48.000,-36.200,-26.300,-46.500,-46.400,-0.100
-166.250,-87.750,-27.800,-39.300,-52.200,-55.700,-56.100,-56.500,-58.400,-58.500,-58.200,-49.800,-37.800,-27.700,-48.200,-48.200,0.000
-166.250,-88.250,-29.100,-41.200,-54.300,-57.700,-58.000,-58.500,-60.100,-60.200,-60.000,-51.500,-39.400,-29.100,-50.000,-49.900,-0.100
-166.250,-88.750,-28.800,-40.900,-54.200,-57.700,-57.900,-58.300,-59.900,-59.900,-59.800,-51.300,-39.000,-28.700,-49.800,-49.700,-0.100
-166.250,-89.250,-28.200,-40.600,-53.900,-57.300,-57.500,-58.000,-59.400,-59.400,-59.300,-50.900,-38.600,-28.200,-49.400,-49.300,-0.100
-166.250,-89.750,-27.700,-40.200,-53.600,-57.000,-57.200,-57.700,-59.100,-59.100,-59.000,-50.500,-38.100,-27.700,-49.000,-48.900,-0.100
-165.750,68.750,-21.200,-22.300,-19.300,-13.300,-2.800,4.700,8.900,8.100,3.300,-5.400,-13.400,-19.800,-7.600,-7.700,0.100
-165.750,68.250,-20.100,-21.300,-18.300,-12.300,-1.800,5.600,9.900,9.000,4.300,-4.200,-12.100,-18.400,-9.500,-6.600,-2.900
-165.750,66.250,-20.600,-21.300,-18.600,-12.200,-2.700,4.500,9.100,8.600,4.600,-2.700,-10.600,-16.500,-6.400,-6.500,0.100
-165.750,65.750,-19.900,-20.200,-18.000,-10.800,-2.000,5.300,9.200,8.700,4.400,-3.100,-10.400,-16.600,-6.000,-6.100,0.100
-165.750,65.250,-17.500,-17.300,-15.300,-7.200,0.600,8.200,11.200,10.500,6.100,-1.400,-8.300,-14.600,-3.700,-3.700,0.000
-165.750,64.750,-17.100,-17.900,-15.800,-9.100,-0.100,6.200,9.000,8.300,4.100,-3.500,-10.200,-15.800,-5.100,-5.200,0.100
-165.750,61.750,-9.400,-10.700,-8.200,-4.100,2.700,7.300,10.400,10.000,7.200,1.200,-3.600,-7.500,-0.300,-0.400,0.100
-165.750,60.250,-10.700,-11.300,-8.300,-4.800,1.600,6.000,9.600,10.000,7.500,1.600,-3.000,-8.600,-0.800,-0.900,0.100
-165.750,-85.250,-15.200,-24.100,-35.200,-39.500,-40.600,-40.600,-44.000,-44.300,-43.600,-35.100,-24.100,-15.200,-33.500,-33.500,0.000
-165.750,-85.750,-20.700,-30.200,-41.700,-45.800,-46.800,-46.900,-49.900,-50.200,-49.600,-41.000,-29.800,-20.600,-39.500,-39.400,-0.100
-165.750,-86.250,-20.400,-30.600,-42.400,-46.400,-47.100,-47.300,-50.000,-50.200,-49.800,-41.200,-29.900,-20.400,-39.800,-39.600,-0.200
-165.750,-86.750,-23.500,-34.200,-46.400,-50.200,-50.800,-51.100,-53.500,-53.600,-53.200,-44.800,-33.200,-23.400,-43.300,-43.200,-0.100
-165.750,-87.250,-26.300,-37.500,-50.100,-53.700,-54.100,-54.500,-56.600,-56.700,-56.400,-47.900,-36.100,-26.200,-46.400,-46.300,-0.100
-165.750,-87.750,-27.700,-39.300,-52.100,-55.600,-56.100,-56.500,-58.400,-58.500,-58.200,-49.800,-37.800,-27.700,-48.200,-48.100,-0.100
-165.750,-88.250,-29.100,-41.100,-54.300,-57.700,-58.000,-58.400,-60.100,-60.200,-59.900,-51.500,-39.400,-29.100,-50.000,-49.900,-0.100
-165.750,-88.750,-28.800,-40.900,-54.200,-57.700,-57.900,-58.300,-59.900,-59.900,-59.800,-51.200,-39.000,-28.700,-49.800,-49.700,-0.100
-165.750,-89.250,-28.200,-40.500,-53.900,-57.300,-57.500,-58.000,-59.400,-59.400,-59.300,-50.900,-38.600,-28.100,-49.300,-49.300,0.000
-165.750,-89.750,-27.700,-40.200,-53.600,-57.000,-57.200,-57.700,-59.100,-59.100,-59.000,-50.500,-38.100,-27.700,-49.000,-48.900,-0.100
-165.250,68.750,-20.900,-21.900,-18.800,-12.700,-2.000,5.400,9.700,8.800,3.800,-5.200,-13.300,-19.400,-7.100,-7.200,0.100
-165.250,68.250,-20.100,-21.200,-18.300,-12.100,-1.500,5.800,10.200,9.200,4.300,-4.400,-12.600,-18.600,-6.500,-6.600,0.100
-165.250,66.250,-20.200,-21.000,-18.200,-11.800,-2.100,5.200,9.600,9.100,4.800,-3.000,-10.800,-16.600,-6.200,-6.200,0.000
-165.250,65.750,-20.200,-20.600,-18.200,-11.200,-2.100,5.300,9.000,8.400,4.000,-3.700,-11.200,-17.200,-6.400,-6.500,0.100
-165.250,65.250,-17.300,-17.300,-15.100,-7.600,0.800,8.200,11.100,10.500,5.900,-1.800,-8.800,-14.700,-3.800,-3.800,0.000
-165.250,64.750,-15.600,-16.400,-14.100,-7.700,1.500,7.700,10.500,9.700,5.300,-2.500,-9.200,-14.500,-3.600,-3.800,0.200
-165.250,62.250,-12.300,-13.400,-9.900,-5.500,2.800,8.300,11.100,10.500,6.800,0.100,-5.800,-9.700,-1.300,-1.400,0.100
-165.250,61.750,-12.000,-12.900,-9.800,-5.500,2.200,7.200,10.100,9.500,6.200,-0.300,-5.700,-10.100,-1.700,-1.800,0.100
-165.250,61.250,-9.700,-10.600,-7.800,-3.900,2.700,7.400,10.400,10.200,7.400,1.200,-3.400,-8.100,-0.300,-0.300,0.000
-165.250,-85.250,-14.900,-23.700,-34.800,-39.200,-40.300,-40.300,-43.600,-44.000,-43.300,-34.700,-23.700,-14.800,-33.200,-33.100,-0.100
-165.250,-85.750,-24.400,-33.900,-45.400,-49.500,-50.500,-50.600,-53.600,-53.900,-53.300,-44.700,-33.500,-24.300,-43.200,-43.100,-0.100
-165.250,-86.250,-20.200,-30.300,-42.200,-46.200,-46.900,-47.100,-49.800,-50.000,-49.600,-41.000,-29.700,-20.200,-39.600,-39.400,-0.200
-165.250,-86.750,-23.400,-34.100,-46.300,-50.100,-50.700,-51.000,-53.400,-53.500,-53.100,-44.700,-33.100,-23.300,-43.200,-43.100,-0.100
-165.250,-87.250,-26.200,-37.500,-50.100,-53.600,-54.100,-54.500,-56.600,-56.600,-56.400,-47.900,-36.100,-26.200,-46.400,-46.300,-0.100
-165.250,-87.750,-27.800,-39.500,-52.400,-55.900,-56.300,-56.700,-58.600,-58.700,-58.400,-50.000,-37.900,-27.800,-48.400,-48.300,-0.100
-165.250,-88.250,-29.100,-41.100,-54.300,-57.600,-57.900,-58.400,-60.100,-60.200,-59.900,-51.500,-39.300,-29.100,-50.000,-49.900,-0.100
-165.250,-88.750,-28.700,-40.900,-54.200,-57.600,-57.900,-58.300,-59.900,-59.900,-59.800,-51.200,-39.000,-28.700,-49.800,-49.700,-0.100
-165.250,-89.250,-28.100,-40.500,-53.900,-57.300,-57.400,-58.000,-59.400,-59.400,-59.300,-50.900,-38.500,-28.100,-49.300,-49.200,-0.100
-165.250,-89.750,-27.700,-40.200,-53.600,-57.000,-57.200,-57.700,-59.100,-59.100,-59.000,-50.500,-38.100,-27.700,-49.000,-48.900,-0.100
-164.750,68.750,-21.100,-21.900,-18.900,-12.700,-1.700,5.600,10.000,9.000,3.800,-5.400,-13.700,-19.800,-7.100,-7.200,0.100
-164.750,68.250,-21.100,-22.000,-19.000,-12.700,-2.000,5.400,9.800,8.800,3.600,-5.400,-13.700,-19.500,-7.200,-7.300,0.100
-164.750,66.250,-19.800,-20.500,-17.500,-11.300,-1.200,6.100,10.400,9.700,5.100,-3.200,-11.100,-16.900,-5.800,-5.900,0.100
-164.750,65.750,-20.500,-20.800,-18.100,-11.500,-1.900,5.500,9.100,8.400,3.700,-4.300,-12.000,-17.700,-7.600,-6.700,-0.900
-164.750,65.250,-17.400,-17.600,-15.100,-8.000,1.000,8.200,11.100,10.300,5.600,-2.400,-9.600,-15.200,-4.000,-4.100,0.100
-164.750,64.750,-16.200,-16.800,-14.300,-7.700,1.400,8.000,10.500,9.600,5.000,-2.900,-9.800,-14.900,-4.000,-4.000,0.000
-164.750,62.750,-15.100,-15.200,-10.400,-7.300,2.500,8.400,11.100,10.600,6.400,-0.400,-7.300,-11.000,-2.200,-2.300,0.100
-164.750,62.250,-14.100,-14.600,-10.600,-6.100,3.100,9.000,11.600,10.800,6.600,-0.500,-6.900,-11.600,-1.900,-1.900,0.000
-164.750,61.750,-12.600,-13.300,-9.700,-4.900,3.500,8.900,11.600,10.800,7.000,0.000,-5.900,-10.900,-1.200,-1.300,0.100
-164.750,61.250,-11.500,-12.100,-8.500,-4.300,3.000,8.100,11.000,10.600,7.300,0.500,-4.700,-9.700,-0.800,-0.900,0.100
-164.750,60.750,-11.600,-12.000,-8.800,-5.000,1.700,6.300,9.400,9.300,6.500,0.200,-4.700,-9.600,-1.500,-1.500,0.000
-164.750,-83.750,-5.800,-13.300,-23.500,-28.400,-30.100,-29.600,-33.900,-34.200,-33.300,-24.600,-14.100,-5.700,-23.100,-23.000,-0.100
-164.750,-85.250,-15.500,-24.400,-35.500,-39.800,-40.900,-40.900,-44.200,-44.600,-43.900,-35.400,-24.400,-15.500,-33.800,-33.700,-0.100
-164.750,-85.750,-22.300,-31.800,-43.300,-47.400,-48.400,-48.500,-51.500,-51.800,-51.200,-42.600,-31.400,-22.200,-41.100,-41.000,-0.100
-164.750,-86.250,-19.900,-30.100,-42.100,-46.000,-46.700,-46.900,-49.600,-49.800,-49.400,-40.800,-29.500,-19.900,-39.400,-39.200,-0.200
-164.750,-86.750,-23.300,-34.100,-46.200,-50.000,-50.700,-50.900,-53.300,-53.400,-53.100,-44.600,-33.000,-23.200,-43.100,-43.000,-0.100
-164.750,-87.250,-26.100,-37.300,-49.900,-53.500,-54.000,-54.400,-56.500,-56.500,-56.300,-47.800,-36.000,-26.100,-46.300,-46.200,-0.100
-164.750,-87.750,-27.800,-39.500,-52.400,-55.900,-56.300,-56.700,-58.500,-58.600,-58.300,-49.800,-37.900,-27.800,-48.400,-48.300,-0.100
-164.750,-88.250,-29.100,-41.100,-54.300,-57.600,-57.900,-58.400,-60.100,-60.200,-59.900,-51.500,-39.300,-29.100,-49.900,-49.900,0.000
-164.750,-88.750,-28.700,-40.900,-54.200,-57.600,-57.800,-58.300,-59.900,-59.900,-59.800,-51.200,-39.000,-28.700,-49.800,-49.700,-0.100
-164.750,-89.250,-28.100,-40.500,-53.900,-57.300,-57.400,-58.000,-59.400,-59.400,-59.300,-50.800,-38.500,-28.100,-49.300,-49.200,-0.100
-164.750,-89.750,-27.700,-40.200,-53.600,-57.000,-57.200,-57.700,-59.100,-59.100,-59.000,-50.500,-38.100,-27.700,-49.000,-48.900,-0.100
-164.250,68.750,-21.200,-21.900,-18.900,-12.500,-1.400,5.900,10.300,9.300,3.900,-5.600,-14.000,-20.000,-7.100,-7.200,0.100
-164.250,68.250,-21.000,-21.900,-18.900,-12.600,-1.600,5.800,10.200,9.200,3.800,-5.600,-14.000,-19.800,-7.100,-7.200,0.100
-164.250,67.750,-19.700,-20.700,-17.700,-11.400,-0.600,6.800,11.300,10.300,4.900,-4.300,-12.600,-18.300,-6.000,-6.000,0.000
-164.250,66.250,-19.700,-20.300,-17.200,-11.200,-0.500,6.800,11.000,10.100,5.100,-3.500,-11.700,-17.300,-5.600,-5.700,0.100
-164.250,65.750,-21.100,-21.300,-18.300,-12.000,-1.800,5.600,9.200,8.300,3.300,-5.200,-13.000,-18.500,-7.000,-7.100,0.100
-164.250,65.250,-19.500,-19.500,-16.700,-9.900,-0.500,6.800,9.500,8.600,3.600,-4.700,-12.100,-17.300,-5.900,-6.000,0.100
-164.250,64.750,-16.400,-16.500,-13.700,-6.700,2.200,9.200,11.400,10.300,5.300,-2.900,-10.000,-14.800,-3.500,-3.500,0.000
-164.250,62.750,-17.700,-17.000,-11.000,-8.500,2.000,9.000,11.400,10.900,6.100,-1.400,-8.800,-13.300,-3.100,-3.200,0.100
-164.250,62.250,-14.900,-14.900,-11.200,-6.100,3.500,9.500,12.000,10.900,6.500,-1.000,-7.500,-13.000,-2.100,-2.200,0.100
-164.250,61.750,-13.800,-14.200,-10.200,-5.100,3.900,9.600,12.100,11.100,7.000,-0.600,-6.800,-12.400,-1.500,-1.600,0.100
-164.250,61.250,-12.900,-13.200,-9.000,-4.500,3.500,8.900,11.500,11.000,7.200,0.000,-5.800,-11.000,-1.100,-1.200,0.100
-164.250,60.750,-11.600,-11.600,-8.100,-3.900,3.300,8.200,11.100,10.700,7.500,0.800,-4.600,-9.600,-0.600,-0.600,0.000
