{"Latitud":{"0":71.25,"1":68.75,"2":68.25,"3":67.75,"4":67.25},"Longitud":{"0":-179.75,"1":-179.75,"2":-179.75,"3":-179.75,"4":-179.75},"Enero":{"0":"-23.0\u00ba","1":"-26.0\u00ba","2":"-25.9\u00ba","3":"-24.1\u00ba","4":"-24.8\u00ba"},"Febrero":{"0":"-25.7\u00ba","1":"-28.7\u00ba","2":"-27.6\u00ba","3":"-25.0\u00ba","4":"-24.8\u00ba"},"Marzo":{"0":"-24.3\u00ba","1":"-26.7\u00ba","2":"-25.9\u00ba","3":"-23.5\u00ba","4":"-24.0\u00ba"},"Abril":{"0":"-17.9\u00ba","1":"-20.0\u00ba","2":"-19.3\u00ba","3":"-17.1\u00ba","4":"-17.4\u00ba"},"Mayo":{"0":"-7.1\u00ba","1":"-7.8\u00ba","2":"-8.6\u00ba","3":"-7.7\u00ba","4":"-9.1\u00ba"},"Junio":{"0":"-0.1\u00ba","1":"0.1\u00ba","2":"0.0\u00ba","3":"1.2\u00ba","4":"-0.4\u00ba"},"Julio":{"0":"1.8\u00ba","1":"3.0\u00ba","2":"2.9\u00ba","3":"4.5\u00ba","4":"3.4\u00ba"},"Agosto":{"0":"1.4\u00ba","1":"1.7\u00ba","2":"2.0\u00ba","3":"3.8\u00ba","4":"3.0\u00ba"},"Septiembre":{"0":"-1.7\u00ba","1":"-1.9\u00ba","2":"-1.8\u00ba","3":"-0.2\u00ba","4":"-1.6\u00ba"},"Octubre":{"0":"-8.2\u00ba","1":"-10.4\u00ba","2":"-9.7\u00ba","3":"-7.6\u00ba","4":"-8.4\u00ba"},"Noviembre":{"0":"-15.6\u00ba","1":"-18.2\u00ba","2":"-17.5\u00ba","3":"-15.3\u00ba","4":"-16.0\u00ba"},"Diciembre":{"0":"-22.2\u00ba","1":"-25.5\u00ba","2":"-24.5\u00ba","3":"-22.2\u00ba","4":"-22.4\u00ba"},"Media":{"0":"-11.6\u00ba","1":"-13.3\u00ba","2":"-12.9\u00ba","3":"-11.0\u00ba","4":"-11.7\u00ba"},"Media Real":{"0":"-11.9\u00ba","1":"-13.4\u00ba","2":"-13.0\u00ba","3":"-11.1\u00ba","4":"-11.9\u00ba"},"Diferencia":{"0":"0.3\u00ba","1":"0.1\u00ba","2":"0.1\u00ba","3":"0.1\u00ba","4":"0.2\u00ba"}}