{"0":{"Latitud":71.25,"Longitud":-179.75,"Enero":"-23.0\u00ba","Febrero":"-25.7\u00ba","Marzo":"-24.3\u00ba","Abril":"-17.9\u00ba","Mayo":"-7.1\u00ba","Junio":"-0.1\u00ba","Julio":"1.8\u00ba","Agosto":"1.4\u00ba","Septiembre":"-1.7\u00ba","Octubre":"-8.2\u00ba","Noviembre":"-15.6\u00ba","Diciembre":"-22.2\u00ba","Media":"-11.6\u00ba","Media Real":"-11.9\u00ba","Diferencia":"0.3\u00ba"},"1":{"Latitud":68.75,"Longitud":-179.75,"Enero":"-26.0\u00ba","Febrero":"-28.7\u00ba","Marzo":"-26.7\u00ba","Abril":"-20.0\u00ba","Mayo":"-7.8\u00ba","Junio":"0.1\u00ba","Julio":"3.0\u00ba","Agosto":"1.7\u00ba","Septiembre":"-1.9\u00ba","Octubre":"-10.4\u00ba","Noviembre":"-18.2\u00ba","Diciembre":"-25.5\u00ba","Media":"-13.3\u00ba","Media Real":"-13.4\u00ba","Diferencia":"0.1\u00ba"},"2":{"Latitud":68.25,"Longitud":-179.75,"Enero":"-25.9\u00ba","Febrero":"-27.6\u00ba","Marzo":"-25.9\u00ba","Abril":"-19.3\u00ba","Mayo":"-8.6\u00ba","Junio":"0.0\u00ba","Julio":"2.9\u00ba","Agosto":"2.0\u00ba","Septiembre":"-1.8\u00ba","Octubre":"-9.7\u00ba","Noviembre":"-17.5\u00ba","Diciembre":"-24.5\u00ba","Media":"-12.9\u00ba","Media Real":"-13.0\u00ba","Diferencia":"0.1\u00ba"},"3":{"Latitud":67.75,"Longitud":-179.75,"Enero":"-24.1\u00ba","Febrero":"-25.0\u00ba","Marzo":"-23.5\u00ba","Abril":"-17.1\u00ba","Mayo":"-7.7\u00ba","Junio":"1.2\u00ba","Julio":"4.5\u00ba","Agosto":"3.8\u00ba","Septiembre":"-0.2\u00ba","Octubre":"-7.6\u00ba","Noviembre":"-15.3\u00ba","Diciembre":"-22.2\u00ba","Media":"-11.0\u00ba","Media Real":"-11.1\u00ba","Diferencia":"0.1\u00ba"},"4":{"Latitud":67.25,"Longitud":-179.75,"Enero":"-24.8\u00ba","Febrero":"-24.8\u00ba","Marzo":"-24.0\u00ba","Abril":"-17.4\u00ba","Mayo":"-9.1\u00ba","Junio":"-0.4\u00ba","Julio":"3.4\u00ba","Agosto":"3.0\u00ba","Septiembre":"-1.6\u00ba","Octubre":"-8.4\u00ba","Noviembre":"-16.0\u00ba","Diciembre":"-22.4\u00ba","Media":"-11.7\u00ba","Media Real":"-11.9\u00ba","Diferencia":"0.2\u00ba"}}